StationCode,StationName,Latitude,Longitude,day1_date,day1_probability,day1_prediction,day1_mpn,day1_mpn_label,day2_date,day2_probability,day2_prediction,day2_mpn,day2_mpn_label,day3_date,day3_probability,day3_prediction,day3_mpn,day3_mpn_label
0,"0-Huntington State Beach, Orange",33.6293,-117.96,2026-05-14,0.2332,Safe,5,<10 MPN/100mL,2026-05-15,0.2524,Safe,8,<10 MPN/100mL,2026-05-16,0.2433,Safe,8,<10 MPN/100mL
1000,"1000-Rincon Beach, Ventura",34.3733,-119.477,2026-05-14,0.4437,Unsafe,10,10 MPN/100mL,2026-05-15,0.5406,Unsafe,20,20 MPN/100mL,2026-05-16,0.4748,Unsafe,19,19 MPN/100mL
13000,"13000-Surfers Point at Seaside, Ventura",34.273,-119.305,2026-05-14,0.189,Safe,5,<10 MPN/100mL,2026-05-15,0.2466,Safe,8,<10 MPN/100mL,2026-05-16,0.2804,Safe,10,10 MPN/100mL
14000,"14000-Promenade Park Beach, Ventura",34.2742,-119.297,2026-05-14,0.1472,Safe,5,<10 MPN/100mL,2026-05-15,0.206,Safe,5,<10 MPN/100mL,2026-05-16,0.2588,Safe,9,<10 MPN/100mL
25000,"25000-Surfers Knoll Beach, Ventura",34.2397,-119.267,2026-05-14,0.3341,Safe,10,10 MPN/100mL,2026-05-15,0.4807,Unsafe,20,20 MPN/100mL,2026-05-16,0.4927,Unsafe,20,20 MPN/100mL
36000,"36000-Hobie Beach, Ventura",34.1601,-119.222,2026-05-14,0.1406,Safe,5,<10 MPN/100mL,2026-05-15,0.2326,Safe,5,<10 MPN/100mL,2026-05-16,0.253,Safe,8,<10 MPN/100mL
37000,"37000-Kiddie Beach, Ventura",34.1612,-119.222,2026-05-14,0.1406,Safe,5,<10 MPN/100mL,2026-05-15,0.2319,Safe,5,<10 MPN/100mL,2026-05-16,0.253,Safe,8,<10 MPN/100mL
3N,"3N-Huntington State Beach, Orange",33.6331,-117.966,2026-05-14,0.1924,Safe,5,<10 MPN/100mL,2026-05-15,0.299,Safe,10,10 MPN/100mL,2026-05-16,0.2973,Safe,10,10 MPN/100mL
6N,"6N-Huntington State Beach, Orange",33.6384,-117.975,2026-05-14,0.1924,Safe,5,<10 MPN/100mL,2026-05-15,0.299,Safe,10,10 MPN/100mL,2026-05-16,0.2973,Safe,10,10 MPN/100mL
AB10,AB10,35.17916,-120.74048,2026-05-14,0.1491,Safe,5,<10 MPN/100mL,2026-05-15,0.2657,Safe,9,<10 MPN/100mL,2026-05-16,0.2396,Safe,8,<10 MPN/100mL
ACM1D,Aliso Creek. 75 ft Downcoast from Point Zero,33.509791,-117.75301,2026-05-14,0.1849,Safe,5,<10 MPN/100mL,2026-05-15,0.2531,Safe,8,<10 MPN/100mL,2026-05-16,0.2965,Safe,10,10 MPN/100mL
ACM1U,Aliso Creek. 75 ft Upcoast from Point Zero,33.510137,-117.753276,2026-05-14,0.1849,Safe,5,<10 MPN/100mL,2026-05-15,0.2531,Safe,8,<10 MPN/100mL,2026-05-16,0.2965,Safe,10,10 MPN/100mL
ACM1Z,Aliso Creek Point Zero,33.50996424,-117.7531431,2026-05-14,0.1831,Safe,5,<10 MPN/100mL,2026-05-15,0.2106,Safe,5,<10 MPN/100mL,2026-05-16,0.2394,Safe,8,<10 MPN/100mL
Aquatic Park,"Aquatic Park-Aquatic Park, San Mateo",37.5602,-122.291,2026-05-14,0.5469,Unsafe,20,20 MPN/100mL,2026-05-15,0.6796,Unsafe,42,42 MPN/100mL,2026-05-16,0.6824,Unsafe,42,42 MPN/100mL
B-10,"B-10-Long Beach, Long Beach City",33.7501,-118.13,2026-05-14,0.4472,Unsafe,10,10 MPN/100mL,2026-05-15,0.6018,Unsafe,31,31 MPN/100mL,2026-05-16,0.5663,Unsafe,20,20 MPN/100mL
B-11,"B-11-Long Beach, Long Beach City",33.7445,-118.119,2026-05-14,0.6115,Unsafe,30,30 MPN/100mL,2026-05-15,0.6643,Unsafe,40,40 MPN/100mL,2026-05-16,0.6882,Unsafe,42,42 MPN/100mL
B-14,"B-14-Long Beach, Long Beach City",33.7545,-118.132,2026-05-14,0.2133,Safe,5,<10 MPN/100mL,2026-05-15,0.2724,Safe,9,<10 MPN/100mL,2026-05-16,0.3082,Safe,10,10 MPN/100mL
B-22,"B-22-Long Beach, Long Beach City",33.7597,-118.119,2026-05-14,0.6623,Unsafe,40,40 MPN/100mL,2026-05-15,0.6992,Unsafe,53,53 MPN/100mL,2026-05-16,0.7185,Unsafe,52,52 MPN/100mL
B-24,"B-24-Long Beach, Long Beach City",33.7706,-118.135,2026-05-14,0.6004,Unsafe,31,31 MPN/100mL,2026-05-15,0.687,Unsafe,42,42 MPN/100mL,2026-05-16,0.6678,Unsafe,41,41 MPN/100mL
B-25,"B-25-Long Beach, Long Beach City",33.7712,-118.134,2026-05-14,0.5615,Unsafe,20,20 MPN/100mL,2026-05-15,0.6401,Unsafe,31,31 MPN/100mL,2026-05-16,0.6619,Unsafe,40,40 MPN/100mL
B-31,"B-31-Long Beach, Long Beach City",33.7512,-118.126,2026-05-14,0.2006,Safe,5,<10 MPN/100mL,2026-05-15,0.2625,Safe,9,<10 MPN/100mL,2026-05-16,0.2795,Safe,10,10 MPN/100mL
B-5,"B-5-Long Beach, Long Beach City",33.7639,-118.178,2026-05-14,0.2355,Safe,8,<10 MPN/100mL,2026-05-15,0.3286,Safe,10,10 MPN/100mL,2026-05-16,0.3506,Safe,10,10 MPN/100mL
B-56,"B-56-Long Beach, Long Beach City",33.7634,-118.174,2026-05-14,0.2286,Safe,5,<10 MPN/100mL,2026-05-15,0.243,Safe,8,<10 MPN/100mL,2026-05-16,0.2542,Safe,8,<10 MPN/100mL
B-60,"B-60-Long Beach, Long Beach City",33.7614,-118.162,2026-05-14,0.216,Safe,5,<10 MPN/100mL,2026-05-15,0.2656,Safe,9,<10 MPN/100mL,2026-05-16,0.3002,Safe,10,10 MPN/100mL
B-64,"B-64-Long Beach, Long Beach City",33.755,-118.14,2026-05-14,0.6204,Unsafe,31,31 MPN/100mL,2026-05-15,0.6599,Unsafe,40,40 MPN/100mL,2026-05-16,0.6885,Unsafe,42,42 MPN/100mL
B-67,"B-67-Long Beach, Long Beach City",33.7581,-118.13,2026-05-14,0.2006,Safe,5,<10 MPN/100mL,2026-05-15,0.2625,Safe,9,<10 MPN/100mL,2026-05-16,0.2795,Safe,10,10 MPN/100mL
B-7,"B-7-Long Beach, Long Beach City",33.7596,-118.155,2026-05-14,0.216,Safe,5,<10 MPN/100mL,2026-05-15,0.2656,Safe,9,<10 MPN/100mL,2026-05-16,0.3001,Safe,10,10 MPN/100mL
B-8,"B-8-Long Beach, Long Beach City",33.7579,-118.149,2026-05-14,0.2875,Safe,10,10 MPN/100mL,2026-05-15,0.3381,Safe,10,10 MPN/100mL,2026-05-16,0.3824,Safe,10,10 MPN/100mL
B-9,"B-9-Long Beach, Long Beach City",33.7564,-118.144,2026-05-14,0.5836,Unsafe,30,30 MPN/100mL,2026-05-15,0.6413,Unsafe,31,31 MPN/100mL,2026-05-16,0.6305,Unsafe,37,37 MPN/100mL
BAY#202.4_SL,"BAY#202.4_SL-Crissy Field, San Francisco",37.8063,-122.451,2026-05-14,0.2052,Safe,5,<10 MPN/100mL,2026-05-15,0.32,Safe,10,10 MPN/100mL,2026-05-16,0.2796,Safe,10,10 MPN/100mL
BAY#202.5_SL,"BAY#202.5_SL-Crissy Field, San Francisco",37.8072,-122.469,2026-05-14,0.1719,Safe,5,<10 MPN/100mL,2026-05-15,0.1919,Safe,5,<10 MPN/100mL,2026-05-16,0.1666,Safe,5,<10 MPN/100mL
BAY#211_SL,"BAY#211_SL-Aquatic Park, San Francisco",37.8069,-122.423,2026-05-14,0.1789,Safe,5,<10 MPN/100mL,2026-05-15,0.2935,Safe,10,10 MPN/100mL,2026-05-16,0.2367,Safe,8,<10 MPN/100mL
BAY#220_SL,BAY#220_SL,37.7719,-122.3967,2026-05-14,0.194,Safe,5,<10 MPN/100mL,2026-05-15,0.2897,Safe,10,10 MPN/100mL,2026-05-16,0.2522,Safe,8,<10 MPN/100mL
BAY#230_SL,BAY#230_SL,37.763431,-122.386861,2026-05-14,0.194,Safe,5,<10 MPN/100mL,2026-05-15,0.2919,Safe,10,10 MPN/100mL,2026-05-16,0.2522,Safe,8,<10 MPN/100mL
BAY#300.1_SL,"BAY#300.1_SL-Candlestick Point, San Francisco",37.7098,-122.387,2026-05-14,0.2117,Safe,5,<10 MPN/100mL,2026-05-15,0.3274,Safe,10,10 MPN/100mL,2026-05-16,0.2862,Safe,10,10 MPN/100mL
BAY#301.1_SL,"BAY#301.1_SL-Candlestick Point, San Francisco",37.7092,-122.382,2026-05-14,0.1751,Safe,5,<10 MPN/100mL,2026-05-15,0.3368,Safe,10,10 MPN/100mL,2026-05-16,0.3633,Safe,10,10 MPN/100mL
BAY#301.2_SL,"BAY#301.2_SL-Candlestick Point, San Francisco",37.7115,-122.38,2026-05-14,0.2016,Safe,5,<10 MPN/100mL,2026-05-15,0.2741,Safe,9,<10 MPN/100mL,2026-05-16,0.2357,Safe,8,<10 MPN/100mL
BAY#320_SL,BAY#320_SL,37.74703,-122.38793,2026-05-14,0.1937,Safe,5,<10 MPN/100mL,2026-05-15,0.2929,Safe,10,10 MPN/100mL,2026-05-16,0.2501,Safe,8,<10 MPN/100mL
BC-030,"BC-030-Baja California, MEXICO, San Diego",32.5284,-117.126,2026-05-14,0.3882,Safe,10,10 MPN/100mL,2026-05-15,0.4585,Safe,20,20 MPN/100mL,2026-05-16,0.4546,Unsafe,10,10 MPN/100mL
BDP12,"BDP12-Dana Point Harbor, Orange",33.4622,-117.705,2026-05-14,0.225,Safe,5,<10 MPN/100mL,2026-05-15,0.2763,Safe,10,10 MPN/100mL,2026-05-16,0.2863,Safe,10,10 MPN/100mL
BDP13,"BDP13-Dana Point Harbor, Orange",33.4623,-117.704,2026-05-14,0.2088,Safe,5,<10 MPN/100mL,2026-05-15,0.256,Safe,9,<10 MPN/100mL,2026-05-16,0.2822,Safe,10,10 MPN/100mL
BDP14,"BDP14-Dana Point Harbor, Orange",33.4625,-117.704,2026-05-14,0.2088,Safe,5,<10 MPN/100mL,2026-05-15,0.256,Safe,9,<10 MPN/100mL,2026-05-16,0.289,Safe,10,10 MPN/100mL
BGCD,"BGCD-Newport Beach, Orange",33.59,-117.868,2026-05-14,0.2141,Safe,5,<10 MPN/100mL,2026-05-15,0.2882,Safe,10,10 MPN/100mL,2026-05-16,0.3427,Safe,10,10 MPN/100mL
BGCU,"BGCU-Newport Beach, Orange",33.59,-117.868,2026-05-14,0.2157,Safe,5,<10 MPN/100mL,2026-05-15,0.2968,Safe,10,10 MPN/100mL,2026-05-16,0.3415,Safe,10,10 MPN/100mL
BHH13,"BHH13-Huntington Harbour, Orange",33.7197,-118.065,2026-05-14,0.211,Safe,5,<10 MPN/100mL,2026-05-15,0.2849,Safe,10,10 MPN/100mL,2026-05-16,0.2609,Safe,9,<10 MPN/100mL
BHH15,"BHH15-Huntington Harbour, Orange",33.7263,-118.072,2026-05-14,0.1779,Safe,5,<10 MPN/100mL,2026-05-15,0.2952,Safe,10,10 MPN/100mL,2026-05-16,0.2962,Safe,10,10 MPN/100mL
BNB01,"BNB01-Newport Bay, Orange",33.6058,-117.886,2026-05-14,0.2321,Safe,5,<10 MPN/100mL,2026-05-15,0.2586,Safe,9,<10 MPN/100mL,2026-05-16,0.2914,Safe,10,10 MPN/100mL
BNB02,"BNB02-Newport Bay, Orange",33.6087,-117.891,2026-05-14,0.2321,Safe,5,<10 MPN/100mL,2026-05-15,0.2586,Safe,9,<10 MPN/100mL,2026-05-16,0.2914,Safe,10,10 MPN/100mL
BNB05,"BNB05-Newport Bay, Orange",33.613,-117.908,2026-05-14,0.2385,Safe,8,<10 MPN/100mL,2026-05-15,0.2497,Safe,8,<10 MPN/100mL,2026-05-16,0.2818,Safe,10,10 MPN/100mL
BNB09,"BNB09-Newport Bay, Orange",33.621,-117.937,2026-05-14,0.2055,Safe,5,<10 MPN/100mL,2026-05-15,0.2889,Safe,10,10 MPN/100mL,2026-05-16,0.294,Safe,10,10 MPN/100mL
BNB12,"BNB12-Newport Bay, Orange",33.615,-117.927,2026-05-14,0.2426,Safe,8,<10 MPN/100mL,2026-05-15,0.2497,Safe,8,<10 MPN/100mL,2026-05-16,0.2818,Safe,10,10 MPN/100mL
BNB14,"BNB14-Newport Bay, Orange",33.609,-117.926,2026-05-14,0.2426,Safe,8,<10 MPN/100mL,2026-05-15,0.2497,Safe,8,<10 MPN/100mL,2026-05-16,0.2818,Safe,10,10 MPN/100mL
BNB20,"BNB20-Newport Bay, Orange",33.6042,-117.893,2026-05-14,0.2321,Safe,5,<10 MPN/100mL,2026-05-15,0.2586,Safe,9,<10 MPN/100mL,2026-05-16,0.2914,Safe,10,10 MPN/100mL
BNB21,"BNB21-Newport Bay, Orange",33.6047,-117.888,2026-05-14,0.2149,Safe,5,<10 MPN/100mL,2026-05-15,0.2914,Safe,10,10 MPN/100mL,2026-05-16,0.311,Safe,10,10 MPN/100mL
BNB24E,"BNB24E-Newport Bay, Orange",33.6327,-117.892,2026-05-14,0.2009,Safe,5,<10 MPN/100mL,2026-05-15,0.2995,Safe,10,10 MPN/100mL,2026-05-16,0.2861,Safe,10,10 MPN/100mL
BNB24M,"BNB24M-Newport Bay, Orange",33.6148,-117.894,2026-05-14,0.2564,Safe,9,<10 MPN/100mL,2026-05-15,0.2705,Safe,9,<10 MPN/100mL,2026-05-16,0.2776,Safe,10,10 MPN/100mL
BNB24N,"BNB24N-Newport Bay, Orange",33.6178,-117.892,2026-05-14,0.2002,Safe,5,<10 MPN/100mL,2026-05-15,0.3001,Safe,10,10 MPN/100mL,2026-05-16,0.2799,Safe,10,10 MPN/100mL
BNB28,"BNB28-Newport Bay, Orange",33.6255,-117.893,2026-05-14,0.2564,Safe,9,<10 MPN/100mL,2026-05-15,0.2705,Safe,9,<10 MPN/100mL,2026-05-16,0.2776,Safe,10,10 MPN/100mL
BNB31,"BNB31-Newport Bay, Orange",33.6065,-117.899,2026-05-14,0.2374,Safe,8,<10 MPN/100mL,2026-05-15,0.2961,Safe,10,10 MPN/100mL,2026-05-16,0.3187,Safe,10,10 MPN/100mL
BNB33,"BNB33-Newport Bay, Orange",33.6028,-117.884,2026-05-14,0.2282,Safe,5,<10 MPN/100mL,2026-05-15,0.298,Safe,10,10 MPN/100mL,2026-05-16,0.3229,Safe,10,10 MPN/100mL
BNB35,"BNB35-Newport Bay, Orange",33.62,-117.929,2026-05-14,0.2183,Safe,5,<10 MPN/100mL,2026-05-15,0.2896,Safe,10,10 MPN/100mL,2026-05-16,0.2958,Safe,10,10 MPN/100mL
BNS01,"BNS01-Newport Slough, Orange",33.6299,-117.951,2026-05-14,0.1951,Safe,5,<10 MPN/100mL,2026-05-15,0.3019,Safe,10,10 MPN/100mL,2026-05-16,0.2916,Safe,10,10 MPN/100mL
BNS02,"BNS02-Newport Slough, Orange",33.6273,-117.947,2026-05-14,0.1951,Safe,5,<10 MPN/100mL,2026-05-15,0.2974,Safe,10,10 MPN/100mL,2026-05-16,0.2975,Safe,10,10 MPN/100mL
CB-01,CB-01,33.71333,-118.283,2026-05-14,0.2396,Safe,8,<10 MPN/100mL,2026-05-15,0.3493,Safe,10,10 MPN/100mL,2026-05-16,0.3407,Safe,10,10 MPN/100mL
CB-02,CB-02,33.71138,-118.2831,2026-05-14,0.427,Unsafe,10,10 MPN/100mL,2026-05-15,0.5408,Unsafe,20,20 MPN/100mL,2026-05-16,0.5249,Unsafe,20,20 MPN/100mL
CLEOz,Cleo St. Point Zero,33.53696386,-117.7808234,2026-05-14,0.1772,Safe,5,<10 MPN/100mL,2026-05-15,0.2098,Safe,5,<10 MPN/100mL,2026-05-16,0.2389,Safe,8,<10 MPN/100mL
CSD_D11,City of San Diego Station D11,32.754,-117.2526667,2026-05-14,0.1506,Safe,5,<10 MPN/100mL,2026-05-15,0.24,Safe,8,<10 MPN/100mL,2026-05-16,0.1718,Safe,5,<10 MPN/100mL
CSD_S10,City of San Diego Station S10,32.5433,-117.125,2026-05-14,0.4683,Unsafe,19,19 MPN/100mL,2026-05-15,0.6028,Unsafe,31,31 MPN/100mL,2026-05-16,0.7283,Unsafe,53,53 MPN/100mL
CSD_S11,City of San Diego Station S11,32.5613,-117.132,2026-05-14,0.4623,Unsafe,20,20 MPN/100mL,2026-05-15,0.5783,Unsafe,30,30 MPN/100mL,2026-05-16,0.7249,Unsafe,52,52 MPN/100mL
CSD_S12,City of San Diego Station S12,32.5857,-117.133,2026-05-14,0.1593,Safe,5,<10 MPN/100mL,2026-05-15,0.2491,Safe,8,<10 MPN/100mL,2026-05-16,0.235,Safe,8,<10 MPN/100mL
CSD_S2,City of San Diego Station S2,32.4987,-117.123,2026-05-14,0.3319,Safe,10,10 MPN/100mL,2026-05-15,0.5273,Unsafe,20,20 MPN/100mL,2026-05-16,0.6043,Unsafe,31,31 MPN/100mL
CSD_S3,City of San Diego Station S3,32.5257,-117.124,2026-05-14,0.489,Unsafe,20,20 MPN/100mL,2026-05-15,0.6128,Unsafe,30,30 MPN/100mL,2026-05-16,0.7274,Unsafe,53,53 MPN/100mL
CSD_S4,City of San Diego Station S4,32.5353,-117.125,2026-05-14,0.4318,Unsafe,10,10 MPN/100mL,2026-05-15,0.5956,Unsafe,31,31 MPN/100mL,2026-05-16,0.7114,Unsafe,52,52 MPN/100mL
CSD_S6,City of San Diego Station S6,32.5663,-117.133,2026-05-14,0.2362,Safe,8,<10 MPN/100mL,2026-05-15,0.4363,Safe,10,10 MPN/100mL,2026-05-16,0.5445,Unsafe,20,20 MPN/100mL
CSD_S8,City of San Diego Station S8,32.6368,-117.144,2026-05-14,0.1493,Safe,5,<10 MPN/100mL,2026-05-15,0.1771,Safe,5,<10 MPN/100mL,2026-05-16,0.1898,Safe,5,<10 MPN/100mL
Campbell Cove,"Campbell Cove-Campbell Cove State Beach, Sonoma",38.3049,-123.057,2026-05-14,0.2129,Safe,5,<10 MPN/100mL,2026-05-15,0.3107,Safe,10,10 MPN/100mL,2026-05-16,0.2724,Safe,9,<10 MPN/100mL
Cowell,Cowell Beach ,36.960806,-122.024308,2026-05-14,0.2224,Safe,5,<10 MPN/100mL,2026-05-15,0.3533,Safe,10,10 MPN/100mL,2026-05-16,0.4337,Unsafe,10,10 MPN/100mL
Cowell-BC,Cowell Beach Site BC,36.96147,-122.023339,2026-05-14,0.2238,Safe,5,<10 MPN/100mL,2026-05-15,0.3804,Safe,10,10 MPN/100mL,2026-05-16,0.4779,Unsafe,20,20 MPN/100mL
Cowell-CW,Cowell Beach Site CW,36.961759,-122.022927,2026-05-14,0.223,Safe,5,<10 MPN/100mL,2026-05-15,0.3857,Safe,10,10 MPN/100mL,2026-05-16,0.4704,Unsafe,19,19 MPN/100mL
Coyote Point County Park,"Coyote Point County Park-Coyote Point County Park, San Mateo",37.5893,-122.328,2026-05-14,0.1918,Safe,5,<10 MPN/100mL,2026-05-15,0.2564,Safe,9,<10 MPN/100mL,2026-05-16,0.2383,Safe,8,<10 MPN/100mL
Crown 2001 Shoreline Dr.,"2001 Shoreline Dr.-Crown Beach (Alameda Co), East Bay Parks District",37.7573,-122.259,2026-05-14,0.4978,Unsafe,20,20 MPN/100mL,2026-05-15,0.5934,Unsafe,20,20 MPN/100mL,2026-05-16,0.5793,Unsafe,30,30 MPN/100mL
Crown Bird Sanctuary,"Bird Sanctuary-Crown Beach (Alameda Co), East Bay Parks District",37.754,-122.251,2026-05-14,0.2466,Safe,8,<10 MPN/100mL,2026-05-15,0.3723,Safe,10,10 MPN/100mL,2026-05-16,0.4617,Unsafe,20,20 MPN/100mL
Crown Crab Cove,"Crown Crab Cove-Crown Beach (Alameda Co), East Bay Parks District",37.76827,-122.278283,2026-05-14,0.1758,Safe,5,<10 MPN/100mL,2026-05-15,0.2742,Safe,9,<10 MPN/100mL,2026-05-16,0.3075,Safe,10,10 MPN/100mL
Crown Windsurfer Corner,"Windsurfer Corner-Crown Beach (Alameda Co), East Bay Parks District",37.7629,-122.273,2026-05-14,0.2821,Safe,10,10 MPN/100mL,2026-05-15,0.4763,Unsafe,20,20 MPN/100mL,2026-05-16,0.4294,Unsafe,10,10 MPN/100mL
DHS005,"DHS005-Malibu Beach, Los Angeles",34.0291,-118.754,2026-05-14,0.5709,Unsafe,20,20 MPN/100mL,2026-05-15,0.7108,Unsafe,52,52 MPN/100mL,2026-05-16,0.7278,Unsafe,53,53 MPN/100mL
DHS006,"DHS006-Malibu Beach, Los Angeles",34.0207,-118.786,2026-05-14,0.7555,Unsafe,75,75 MPN/100mL,2026-05-15,0.7812,Unsafe,75,75 MPN/100mL,2026-05-16,0.8391,Unsafe,148,148 MPN/100mL (1.4x the safety standard)
DHS102,"DHS102-Will Rogers State Beach, Los Angeles",34.0383,-118.544,2026-05-14,0.1921,Safe,5,<10 MPN/100mL,2026-05-15,0.2353,Safe,8,<10 MPN/100mL,2026-05-16,0.2987,Safe,10,10 MPN/100mL
DHS103,"DHS103-Will Rogers State Beach, Los Angeles",34.0348,-118.536,2026-05-14,0.2571,Safe,9,<10 MPN/100mL,2026-05-15,0.3071,Safe,10,10 MPN/100mL,2026-05-16,0.3481,Safe,10,10 MPN/100mL
DHS104,"DHS104-Santa Monica State Beach, Los Angeles",34.02,-118.51,2026-05-14,0.1989,Safe,5,<10 MPN/100mL,2026-05-15,0.2618,Safe,9,<10 MPN/100mL,2026-05-16,0.2659,Safe,9,<10 MPN/100mL
DHS104B,"DHS104B-Santa Monica State Beach, Los Angeles",34.0193,-118.51,2026-05-14,0.2531,Safe,8,<10 MPN/100mL,2026-05-15,0.2742,Safe,9,<10 MPN/100mL,2026-05-16,0.3053,Safe,10,10 MPN/100mL
DHS105,"DHS105-Santa Monica State Beach, Los Angeles",34.0147,-118.504,2026-05-14,0.1989,Safe,5,<10 MPN/100mL,2026-05-15,0.2618,Safe,9,<10 MPN/100mL,2026-05-16,0.2659,Safe,9,<10 MPN/100mL
DHS105B,"DHS105B-Santa Monica State Beach, Los Angeles",34.0144,-118.504,2026-05-14,0.2531,Safe,8,<10 MPN/100mL,2026-05-15,0.2742,Safe,9,<10 MPN/100mL,2026-05-16,0.3053,Safe,10,10 MPN/100mL
DHS106,"DHS106-Santa Monica State Beach, Los Angeles",34.002,-118.49,2026-05-14,0.2804,Safe,10,10 MPN/100mL,2026-05-15,0.3121,Safe,10,10 MPN/100mL,2026-05-16,0.331,Safe,10,10 MPN/100mL
DHS113,"DHS113-Manhattan Beach, Los Angeles",33.8945,-118.418,2026-05-14,0.1725,Safe,5,<10 MPN/100mL,2026-05-15,0.2405,Safe,8,<10 MPN/100mL,2026-05-16,0.2927,Safe,10,10 MPN/100mL
DHS114,"DHS114-Hermosa Beach, Los Angeles",33.8715,-118.407,2026-05-14,0.2702,Safe,9,<10 MPN/100mL,2026-05-15,0.3091,Safe,10,10 MPN/100mL,2026-05-16,0.3403,Safe,10,10 MPN/100mL
DHS115,"DHS115-Hermosa Beach, Los Angeles",33.8522,-118.399,2026-05-14,0.1899,Safe,5,<10 MPN/100mL,2026-05-15,0.2519,Safe,8,<10 MPN/100mL,2026-05-16,0.2834,Safe,10,10 MPN/100mL
DMB,"DMB-Del Monte Beach, Monterey",36.601,-121.887,2026-05-14,0.2243,Safe,5,<10 MPN/100mL,2026-05-15,0.2816,Safe,10,10 MPN/100mL,2026-05-16,0.3184,Safe,10,10 MPN/100mL
DPH 002B,DPH 002B,34.0368898,-118.676899,2026-05-14,0.2016,Safe,5,<10 MPN/100mL,2026-05-15,0.2813,Safe,10,10 MPN/100mL,2026-05-16,0.3235,Safe,10,10 MPN/100mL
DPH 122,DPH 122,33.9611547,-118.4562179,2026-05-14,0.2877,Safe,10,10 MPN/100mL,2026-05-15,0.4547,Safe,10,10 MPN/100mL,2026-05-16,0.4242,Unsafe,10,10 MPN/100mL
DSB4Z,Doheny State Beach Drain 4 Point Zero,33.4601855299999,-117.677785099999,2026-05-14,0.1669,Safe,5,<10 MPN/100mL,2026-05-15,0.2177,Safe,5,<10 MPN/100mL,2026-05-16,0.2577,Safe,9,<10 MPN/100mL
DSB5Z,North Beach Creek Point Zero,33.46102357,-117.689355199999,2026-05-14,0.3098,Safe,10,10 MPN/100mL,2026-05-15,0.3891,Safe,10,10 MPN/100mL,2026-05-16,0.4248,Unsafe,10,10 MPN/100mL
Dunes State Beach,"Dunes State Beach-Dunes State Beach, San Mateo",37.4823,-122.453,2026-05-14,0.6218,Unsafe,31,31 MPN/100mL,2026-05-15,0.6886,Unsafe,42,42 MPN/100mL,2026-05-16,0.6525,Unsafe,40,40 MPN/100mL
EH-070,"EH-070-San Diego Bay Coronado Cays, San Diego",32.6904,-117.164,2026-05-14,0.1486,Safe,5,<10 MPN/100mL,2026-05-15,0.2128,Safe,5,<10 MPN/100mL,2026-05-16,0.2213,Safe,5,<10 MPN/100mL
EH-200,"EH-200-San Diego Bay Shelter Is, San Diego",32.7148,-117.224,2026-05-14,0.2818,Safe,10,10 MPN/100mL,2026-05-15,0.3195,Safe,10,10 MPN/100mL,2026-05-16,0.3987,Unsafe,10,10 MPN/100mL
EH-310,"EH-310-South Casa Beach S.D., San Diego",32.8475,-117.278,2026-05-14,0.6939,Unsafe,42,42 MPN/100mL,2026-05-15,0.6551,Unsafe,40,40 MPN/100mL,2026-05-16,0.6872,Unsafe,42,42 MPN/100mL
EH-360,"EH-360-Powerhouse Park 15th Street, San Diego",32.96,-117.269,2026-05-14,0.1343,Safe,5,<10 MPN/100mL,2026-05-15,0.1707,Safe,5,<10 MPN/100mL,2026-05-16,0.2029,Safe,5,<10 MPN/100mL
EH-380,"EH-380-San Dieguito River Beach, San Diego",32.9747,-117.271,2026-05-14,0.1211,Safe,5,<10 MPN/100mL,2026-05-15,0.1508,Safe,5,<10 MPN/100mL,2026-05-16,0.167,Safe,5,<10 MPN/100mL
EH-460,"EH-460-Carlsbad State Beach, San Diego",33.1467,-117.345,2026-05-14,0.1505,Safe,5,<10 MPN/100mL,2026-05-15,0.206,Safe,5,<10 MPN/100mL,2026-05-16,0.2558,Safe,9,<10 MPN/100mL
EH-475,"EH-475-Carlsbad City Beach, San Diego",33.1571,-117.353,2026-05-14,0.1611,Safe,5,<10 MPN/100mL,2026-05-15,0.2086,Safe,5,<10 MPN/100mL,2026-05-16,0.2412,Safe,8,<10 MPN/100mL
Erckenbrack Park,Erckenbrack Park,37.563365,-122.260472,2026-05-14,0.3373,Safe,10,10 MPN/100mL,2026-05-15,0.449,Safe,10,10 MPN/100mL,2026-05-16,0.4685,Unsafe,19,19 MPN/100mL
FM-010,"FM-010-Dog Beach, O.B., San Diego",32.7565,-117.25,2026-05-14,0.5351,Unsafe,20,20 MPN/100mL,2026-05-15,0.5335,Unsafe,20,20 MPN/100mL,2026-05-16,0.5907,Unsafe,20,20 MPN/100mL
FM-030,"FM-030-Tourmaline Surfing Park, San Diego",32.8078,-117.266,2026-05-14,0.1223,Safe,5,<10 MPN/100mL,2026-05-15,0.1456,Safe,5,<10 MPN/100mL,2026-05-16,0.1174,Safe,5,<10 MPN/100mL
FM-080,"FM-080-La Jolla Shores Beach, San Diego",32.8547,-117.26,2026-05-14,0.2411,Safe,8,<10 MPN/100mL,2026-05-15,0.3441,Safe,10,10 MPN/100mL,2026-05-16,0.2705,Safe,9,<10 MPN/100mL
FM-100,"FM-100-Torrey Pines State Beach, San Diego",32.9346,-117.261,2026-05-14,0.116,Safe,5,<10 MPN/100mL,2026-05-15,0.157,Safe,5,<10 MPN/100mL,2026-05-16,0.1605,Safe,5,<10 MPN/100mL
Fitzgerald Marine (Moss Beach),"Fitzgerald Marine (Moss Beach)-Fitzgerald Marine (Moss Beach), San Mateo",37.5242,-122.5177731,2026-05-14,0.2453,Safe,8,<10 MPN/100mL,2026-05-15,0.2345,Safe,5,<10 MPN/100mL,2026-05-16,0.2062,Safe,5,<10 MPN/100mL
Francis State Beach,"Francis State Beach-Francis State Beach, San Mateo",37.4672,-122.447,2026-05-14,0.2466,Safe,8,<10 MPN/100mL,2026-05-15,0.2937,Safe,10,10 MPN/100mL,2026-05-16,0.2296,Safe,5,<10 MPN/100mL
GREEN BRIDGE_Lagunitas Creek,GREEN BRIDGE_Lagunitas Creek,38.0648,-122.8055,2026-05-14,0.3035,Safe,10,10 MPN/100mL,2026-05-15,0.3933,Safe,10,10 MPN/100mL,2026-05-16,0.3928,Unsafe,10,10 MPN/100mL
Gazos Creek Access,"Gazos Creek Access-Gazos Creek Access, San Mateo",37.1653,-122.363,2026-05-14,0.4476,Unsafe,10,10 MPN/100mL,2026-05-15,0.5513,Unsafe,20,20 MPN/100mL,2026-05-16,0.5664,Unsafe,20,20 MPN/100mL
"Gull Park, Foster City","Gull Park, Foster City",37.56658,-122.26061,2026-05-14,0.2068,Safe,5,<10 MPN/100mL,2026-05-15,0.308,Safe,10,10 MPN/100mL,2026-05-16,0.3694,Safe,10,10 MPN/100mL
IB-010,"IB-010-Border Field State Park, San Diego",32.5344,-117.124,2026-05-14,0.3307,Safe,10,10 MPN/100mL,2026-05-15,0.3428,Safe,10,10 MPN/100mL,2026-05-16,0.3147,Safe,10,10 MPN/100mL
IB-020,"IB-020-Border Field State Park, San Diego",32.5434,-117.125,2026-05-14,0.3725,Safe,10,10 MPN/100mL,2026-05-15,0.4147,Safe,10,10 MPN/100mL,2026-05-16,0.4096,Unsafe,10,10 MPN/100mL
IB-040,"IB-040-Tijuana Slough National Wildlife Refuge, San Diego",32.561,-117.132,2026-05-14,0.8244,Unsafe,97,97 MPN/100mL,2026-05-15,0.8131,Unsafe,99,99 MPN/100mL,2026-05-16,0.8147,Unsafe,99,99 MPN/100mL
Keller North Beach,"North Beach-Keller Beach (Contra Costa Co), East Bay Parks District",37.9211,-122.387,2026-05-14,0.2204,Safe,5,<10 MPN/100mL,2026-05-15,0.4214,Safe,10,10 MPN/100mL,2026-05-16,0.2689,Safe,9,<10 MPN/100mL
Keller South Beach,"South Beach-Keller Beach (Contra Costa Co), East Bay Parks District",37.9207,-122.387,2026-05-14,0.2353,Safe,8,<10 MPN/100mL,2026-05-15,0.429,Safe,10,10 MPN/100mL,2026-05-16,0.3384,Safe,10,10 MPN/100mL
Kiteboard Beach,"Kiteboard Beach-Kiteboard Beach, San Mateo",37.5717,-122.279,2026-05-14,0.1905,Safe,5,<10 MPN/100mL,2026-05-15,0.1843,Safe,5,<10 MPN/100mL,2026-05-16,0.2069,Safe,5,<10 MPN/100mL
LOP,"LOP-Lover's Point, Monterey",36.6254,-121.917,2026-05-14,0.2362,Safe,8,<10 MPN/100mL,2026-05-15,0.2697,Safe,9,<10 MPN/100mL,2026-05-16,0.2519,Safe,8,<10 MPN/100mL
Lakeshore Park Rec Center,"Lakeshore Park Rec Center-Lakeshore Park, San Mateo",37.5498,-122.286,2026-05-14,0.5478,Unsafe,20,20 MPN/100mL,2026-05-15,0.6764,Unsafe,42,42 MPN/100mL,2026-05-16,0.6972,Unsafe,53,53 MPN/100mL
Linda Mar Beach #7,Linda Mar Beach #7,37.597587,-122.504712,2026-05-14,0.3903,Safe,10,10 MPN/100mL,2026-05-15,0.4255,Safe,10,10 MPN/100mL,2026-05-16,0.36,Safe,10,10 MPN/100mL
MB-015,"MB-015-Mission Bay, San Diego",32.777,-117.218,2026-05-14,0.477,Unsafe,20,20 MPN/100mL,2026-05-15,0.624,Unsafe,31,31 MPN/100mL,2026-05-16,0.7108,Unsafe,52,52 MPN/100mL
MB-053,"MB-053-Mission Bay, Leisure Lagoon, San Diego",32.785,-117.21,2026-05-14,0.2433,Safe,8,<10 MPN/100mL,2026-05-15,0.3593,Safe,10,10 MPN/100mL,2026-05-16,0.3958,Unsafe,10,10 MPN/100mL
MB-203,"MB-203-Mission Bay, Vacation Isle, San Diego",32.7759,-117.233,2026-05-14,0.132,Safe,5,<10 MPN/100mL,2026-05-15,0.1914,Safe,5,<10 MPN/100mL,2026-05-16,0.1529,Safe,5,<10 MPN/100mL
MDCU,"MDCU-Crystal Cove State Park, Orange",33.5605,-117.822,2026-05-14,0.2471,Safe,8,<10 MPN/100mL,2026-05-15,0.2714,Safe,9,<10 MPN/100mL,2026-05-16,0.349,Safe,10,10 MPN/100mL
MDP18,"MDP18-Dana Point Harbor, Orange",33.4603,-117.696,2026-05-14,0.2088,Safe,5,<10 MPN/100mL,2026-05-15,0.2512,Safe,8,<10 MPN/100mL,2026-05-16,0.2832,Safe,10,10 MPN/100mL
MDRH-1,MDRH-1,33.979889,-118.4577173,2026-05-14,0.2502,Safe,8,<10 MPN/100mL,2026-05-15,0.2804,Safe,10,10 MPN/100mL,2026-05-16,0.3049,Safe,10,10 MPN/100mL
MDRH-2,MDRH-2,33.98084,-118.45802,2026-05-14,0.6869,Unsafe,42,42 MPN/100mL,2026-05-15,0.7489,Unsafe,64,64 MPN/100mL,2026-05-16,0.7983,Unsafe,86,86 MPN/100mL
MDRH-3,MDRH-3,33.9819795,-118.4569488,2026-05-14,0.369,Safe,10,10 MPN/100mL,2026-05-15,0.5273,Unsafe,20,20 MPN/100mL,2026-05-16,0.478,Unsafe,20,20 MPN/100mL
MHH14,"MHH14-Huntington Harbour, Orange",33.7253,-118.077,2026-05-14,0.211,Safe,5,<10 MPN/100mL,2026-05-15,0.2849,Safe,10,10 MPN/100mL,2026-05-16,0.2609,Safe,9,<10 MPN/100mL
Marlin Park,Marlin Park,37.5992,-122.25438,2026-05-14,0.4259,Unsafe,10,10 MPN/100mL,2026-05-15,0.5786,Unsafe,30,30 MPN/100mL,2026-05-16,0.5926,Unsafe,20,20 MPN/100mL
McNEARS BEACH,"McNEARS BEACH-McNears Beach, Marin",37.9926,-122.453,2026-05-14,0.2429,Safe,8,<10 MPN/100mL,2026-05-15,0.4223,Safe,10,10 MPN/100mL,2026-05-16,0.3197,Safe,10,10 MPN/100mL
O235,"O235-Capitola City Beach, Santa Cruz",36.9718,-121.95,2026-05-14,0.3493,Safe,10,10 MPN/100mL,2026-05-15,0.5981,Unsafe,31,31 MPN/100mL,2026-05-16,0.5782,Unsafe,30,30 MPN/100mL
O240,"O240-Capitola City Beach, Santa Cruz",36.9714,-121.951,2026-05-14,0.3775,Safe,10,10 MPN/100mL,2026-05-15,0.6155,Unsafe,31,31 MPN/100mL,2026-05-16,0.5882,Unsafe,20,20 MPN/100mL
O410,"O410-Twin Lakes State Beach, Santa Cruz",36.9616,-121.998,2026-05-14,0.1953,Safe,5,<10 MPN/100mL,2026-05-15,0.3452,Safe,10,10 MPN/100mL,2026-05-16,0.3401,Safe,10,10 MPN/100mL
O440,"O440-Seabright Beach, Santa Cruz",36.9629,-122.009,2026-05-14,0.138,Safe,5,<10 MPN/100mL,2026-05-15,0.2186,Safe,5,<10 MPN/100mL,2026-05-16,0.2242,Safe,5,<10 MPN/100mL
O450,"O450-Main Beach, Santa Cruz",36.9633,-122.013,2026-05-14,0.2285,Safe,5,<10 MPN/100mL,2026-05-15,0.3212,Safe,10,10 MPN/100mL,2026-05-16,0.3655,Safe,10,10 MPN/100mL
O460,"O460-Main Beach, Santa Cruz",36.9628,-122.02,2026-05-14,0.2296,Safe,5,<10 MPN/100mL,2026-05-15,0.4538,Safe,10,10 MPN/100mL,2026-05-16,0.4376,Unsafe,10,10 MPN/100mL
O478,O478,36.962081,-122.022131,2026-05-14,0.246,Safe,8,<10 MPN/100mL,2026-05-15,0.3965,Safe,10,10 MPN/100mL,2026-05-16,0.4677,Unsafe,19,19 MPN/100mL
O488,O488,36.96195,-122.02317,2026-05-14,0.2271,Safe,5,<10 MPN/100mL,2026-05-15,0.3223,Safe,10,10 MPN/100mL,2026-05-16,0.3674,Safe,10,10 MPN/100mL
O490,"O490-Cowell Beach, Santa Cruz",36.9618,-122.023,2026-05-14,0.228,Safe,5,<10 MPN/100mL,2026-05-15,0.3013,Safe,10,10 MPN/100mL,2026-05-16,0.3548,Safe,10,10 MPN/100mL
O494,"O494-Cowell Beach, Santa Cruz",36.9577,-122.026,2026-05-14,0.2277,Safe,5,<10 MPN/100mL,2026-05-15,0.3002,Safe,10,10 MPN/100mL,2026-05-16,0.3562,Safe,10,10 MPN/100mL
O520,"O520-Mitchell's Cove Beach, Santa Cruz",36.9526,-122.041,2026-05-14,0.1586,Safe,5,<10 MPN/100mL,2026-05-15,0.2341,Safe,5,<10 MPN/100mL,2026-05-16,0.2462,Safe,8,<10 MPN/100mL
O530,"O530-Natural Bridges State Beach, Santa Cruz",36.9499,-122.058,2026-05-14,0.1612,Safe,5,<10 MPN/100mL,2026-05-15,0.2267,Safe,5,<10 MPN/100mL,2026-05-16,0.2587,Safe,9,<10 MPN/100mL
OC-022,"OC-022-Buccaneer Beach, San Diego",33.1767,-117.369,2026-05-14,0.165,Safe,5,<10 MPN/100mL,2026-05-15,0.2119,Safe,5,<10 MPN/100mL,2026-05-16,0.2098,Safe,5,<10 MPN/100mL
OC-090,"OC-090-Oceanside Pier area, San Diego",33.1966,-117.387,2026-05-14,0.1651,Safe,5,<10 MPN/100mL,2026-05-15,0.2545,Safe,8,<10 MPN/100mL,2026-05-16,0.2665,Safe,9,<10 MPN/100mL
OC-100,"OC-100-Harbor Beach, San Diego",33.2025,-117.392,2026-05-14,0.1283,Safe,5,<10 MPN/100mL,2026-05-15,0.1811,Safe,5,<10 MPN/100mL,2026-05-16,0.196,Safe,5,<10 MPN/100mL
OC-110,"OC-110-Harbor Beach, San Diego",33.2044,-117.394,2026-05-14,0.4946,Unsafe,20,20 MPN/100mL,2026-05-15,0.6273,Unsafe,37,37 MPN/100mL,2026-05-16,0.7312,Unsafe,53,53 MPN/100mL
OCEAN#15_SL,"OCEAN#15_SL-Baker Beach, San Francisco",37.7917,-122.485,2026-05-14,0.1993,Safe,5,<10 MPN/100mL,2026-05-15,0.3673,Safe,10,10 MPN/100mL,2026-05-16,0.2909,Safe,10,10 MPN/100mL
OCEAN#18_SL,"OCEAN#18_SL-Ocean Beach, San Francisco",37.775,-122.513,2026-05-14,0.1755,Safe,5,<10 MPN/100mL,2026-05-15,0.1898,Safe,5,<10 MPN/100mL,2026-05-16,0.1558,Safe,5,<10 MPN/100mL
OCEAN#19_SL,"OCEAN#19_SL-Ocean Beach, San Francisco",37.764,-122.512,2026-05-14,0.1755,Safe,5,<10 MPN/100mL,2026-05-15,0.1898,Safe,5,<10 MPN/100mL,2026-05-16,0.1558,Safe,5,<10 MPN/100mL
OCEAN#21.1_SL,"OCEAN#21.1_SL-Ocean Beach, San Francisco",37.7347,-122.508,2026-05-14,0.1513,Safe,5,<10 MPN/100mL,2026-05-15,0.1879,Safe,5,<10 MPN/100mL,2026-05-16,0.1708,Safe,5,<10 MPN/100mL
OLDE12,"OLDE12-Olde Port Beach, San Luis Obispo",35.1777,-120.749,2026-05-14,0.1353,Safe,5,<10 MPN/100mL,2026-05-15,0.1765,Safe,5,<10 MPN/100mL,2026-05-16,0.1391,Safe,5,<10 MPN/100mL
OSB02,"OSB02-Seal Beach Surfside, Orange",33.7408,-118.114,2026-05-14,0.2531,Safe,8,<10 MPN/100mL,2026-05-15,0.3625,Safe,10,10 MPN/100mL,2026-05-16,0.4409,Unsafe,10,10 MPN/100mL
OSB03,"OSB03-Seal Beach Surfside, Orange",33.739,-118.114,2026-05-14,0.2039,Safe,5,<10 MPN/100mL,2026-05-15,0.2997,Safe,10,10 MPN/100mL,2026-05-16,0.3226,Safe,10,10 MPN/100mL
OSB04,"OSB04-Seal Beach Surfside, Orange",33.7372,-118.102,2026-05-14,0.2052,Safe,5,<10 MPN/100mL,2026-05-15,0.3031,Safe,10,10 MPN/100mL,2026-05-16,0.3289,Safe,10,10 MPN/100mL
OSB05,"OSB05-Seal Beach Surfside, Orange",33.7378,-118.106,2026-05-14,0.201,Safe,5,<10 MPN/100mL,2026-05-15,0.3227,Safe,10,10 MPN/100mL,2026-05-16,0.3099,Safe,10,10 MPN/100mL
Oyster Point Marina,"Oyster Point Marina-Oyster Point Marina, San Mateo",37.6639,-122.383,2026-05-14,0.2049,Safe,5,<10 MPN/100mL,2026-05-15,0.1462,Safe,5,<10 MPN/100mL,2026-05-16,0.1165,Safe,5,<10 MPN/100mL
PB5,"PB5-Pismo State Beach, San Luis Obispo",35.141,-120.646,2026-05-14,0.1352,Safe,5,<10 MPN/100mL,2026-05-15,0.1495,Safe,5,<10 MPN/100mL,2026-05-16,0.1485,Safe,5,<10 MPN/100mL
PICOZ,Pico Point Zero,33.43144746,-117.6329025,2026-05-14,0.2133,Safe,5,<10 MPN/100mL,2026-05-15,0.2105,Safe,5,<10 MPN/100mL,2026-05-16,0.2833,Safe,10,10 MPN/100mL
PIERZ,SC Pier Point Zero,33.4194316399999,-117.6204654,2026-05-14,0.2294,Safe,5,<10 MPN/100mL,2026-05-15,0.2634,Safe,9,<10 MPN/100mL,2026-05-16,0.284,Safe,10,10 MPN/100mL
PL-110,"PL-110-Ocean Beach, San Diego",32.754,-117.253,2026-05-14,0.3139,Safe,10,10 MPN/100mL,2026-05-15,0.3579,Safe,10,10 MPN/100mL,2026-05-16,0.411,Unsafe,10,10 MPN/100mL
POCHED,Poche Beach. 75 ft Downcoast from Point Zero,33.440499,-117.6454,2026-05-14,0.1686,Safe,5,<10 MPN/100mL,2026-05-15,0.1942,Safe,5,<10 MPN/100mL,2026-05-16,0.2575,Safe,9,<10 MPN/100mL
POCHEZ,Poche Beach Point Zero,33.4406359299999,-117.6455844,2026-05-14,0.429,Unsafe,10,10 MPN/100mL,2026-05-15,0.5585,Unsafe,20,20 MPN/100mL,2026-05-16,0.5863,Unsafe,20,20 MPN/100mL
Pillar Point #5,"Pillar Point #5-Pillar Point Harbor, San Mateo",37.5037,-122.4857,2026-05-14,0.4305,Unsafe,10,10 MPN/100mL,2026-05-15,0.5264,Unsafe,20,20 MPN/100mL,2026-05-16,0.4769,Unsafe,20,20 MPN/100mL
Pillar Point #7,"Pillar Point #7-Pillar Point Harbor, San Mateo",37.5021,-122.493,2026-05-14,0.4149,Unsafe,10,10 MPN/100mL,2026-05-15,0.4486,Safe,10,10 MPN/100mL,2026-05-16,0.4416,Unsafe,10,10 MPN/100mL
Pillar Point #8,"Pillar point #8-Pillar Point Harbor, San Mateo",37.5003,-122.496,2026-05-14,0.2109,Safe,5,<10 MPN/100mL,2026-05-15,0.2633,Safe,9,<10 MPN/100mL,2026-05-16,0.223,Safe,5,<10 MPN/100mL
Pillar Point #9,"Pillar Point #9-Pillar Point Harbor, San Mateo",37.5023,-122.4764,2026-05-14,0.507,Unsafe,20,20 MPN/100mL,2026-05-15,0.5647,Unsafe,20,20 MPN/100mL,2026-05-16,0.4905,Unsafe,20,20 MPN/100mL
Rockaway Beach,"Rockaway Beach-Rockaway Beach, San Mateo",37.6081,-122.498,2026-05-14,0.3199,Safe,10,10 MPN/100mL,2026-05-15,0.3311,Safe,10,10 MPN/100mL,2026-05-16,0.3506,Safe,10,10 MPN/100mL
Roosevelt State Beach,"Roosevelt State Beach-Roosevelt State Beach, San Mateo",37.4884,-122.456,2026-05-14,0.2106,Safe,5,<10 MPN/100mL,2026-05-15,0.2518,Safe,8,<10 MPN/100mL,2026-05-16,0.1743,Safe,5,<10 MPN/100mL
S-0,"S-0-Doheny State Beach, Orange",33.4616,-117.683,2026-05-14,0.2161,Safe,5,<10 MPN/100mL,2026-05-15,0.2712,Safe,9,<10 MPN/100mL,2026-05-16,0.3083,Safe,10,10 MPN/100mL
S-1,"S-1-Doheny State Beach, Orange",33.4607,-117.697,2026-05-14,0.225,Safe,5,<10 MPN/100mL,2026-05-15,0.2763,Safe,10,10 MPN/100mL,2026-05-16,0.2863,Safe,10,10 MPN/100mL
S-2,"S-2-Doheny State Beach, Orange",33.4617,-117.686,2026-05-14,0.2161,Safe,5,<10 MPN/100mL,2026-05-15,0.2712,Safe,9,<10 MPN/100mL,2026-05-16,0.3103,Safe,10,10 MPN/100mL
S-3,"S-3-Doheny State Beach, Orange",33.4594,-117.676,2026-05-14,0.2161,Safe,5,<10 MPN/100mL,2026-05-15,0.2712,Safe,9,<10 MPN/100mL,2026-05-16,0.3083,Safe,10,10 MPN/100mL
S8,"S8-Aliso County Beach, Orange",33.505,-117.748,2026-05-14,0.1859,Safe,5,<10 MPN/100mL,2026-05-15,0.2051,Safe,5,<10 MPN/100mL,2026-05-16,0.2327,Safe,5,<10 MPN/100mL
S9,"S9-Aliso County Beach, Orange",33.5069,-117.752,2026-05-14,0.1722,Safe,5,<10 MPN/100mL,2026-05-15,0.2199,Safe,5,<10 MPN/100mL,2026-05-16,0.2444,Safe,8,<10 MPN/100mL
SCM1Z,Salt Creek Mouth Point Zero,33.4812934799999,-117.725157499999,2026-05-14,0.3919,Safe,10,10 MPN/100mL,2026-05-15,0.5591,Unsafe,20,20 MPN/100mL,2026-05-16,0.5853,Unsafe,20,20 MPN/100mL
SE-060,"SE-060-Cardiff State Beach, San Diego",33.0184,-117.284,2026-05-14,0.136,Safe,5,<10 MPN/100mL,2026-05-15,0.1649,Safe,5,<10 MPN/100mL,2026-05-16,0.2003,Safe,5,<10 MPN/100mL
SJC1D,San Juan Creek. 75 ft Downcoast from Point Zero,33.4613939999999,-117.683999,2026-05-14,0.6079,Unsafe,30,30 MPN/100mL,2026-05-15,0.6654,Unsafe,41,41 MPN/100mL,2026-05-16,0.7482,Unsafe,64,64 MPN/100mL
SJC1U,San Juan Creek 75 ft upcoast from point zero,33.461424,-117.68449,2026-05-14,0.5758,Unsafe,30,30 MPN/100mL,2026-05-15,0.646,Unsafe,40,40 MPN/100mL,2026-05-16,0.727,Unsafe,53,53 MPN/100mL
SJC1Z,San Juan Creek Point Zero,33.46140913,-117.6842446,2026-05-14,0.2161,Safe,5,<10 MPN/100mL,2026-05-15,0.2712,Safe,9,<10 MPN/100mL,2026-05-16,0.3083,Safe,10,10 MPN/100mL
SMB-1-10,SMB-1-10,34.0329,-118.741,2026-05-14,0.3355,Safe,10,10 MPN/100mL,2026-05-15,0.4759,Unsafe,20,20 MPN/100mL,2026-05-16,0.5297,Unsafe,20,20 MPN/100mL
SMB-1-12,SMB-1-12,34.0306,-118.7111,2026-05-14,0.1927,Safe,5,<10 MPN/100mL,2026-05-15,0.3148,Safe,10,10 MPN/100mL,2026-05-16,0.3509,Safe,10,10 MPN/100mL
SMB-1-13,SMB-1-13,34.0383,-118.6731,2026-05-14,0.4447,Unsafe,10,10 MPN/100mL,2026-05-15,0.5681,Unsafe,20,20 MPN/100mL,2026-05-16,0.482,Unsafe,20,20 MPN/100mL
SMB-1-14,SMB-1-14,34.0362,-118.6364,2026-05-14,0.1676,Safe,5,<10 MPN/100mL,2026-05-15,0.2451,Safe,8,<10 MPN/100mL,2026-05-16,0.2586,Safe,9,<10 MPN/100mL
SMB-1-16,SMB-1-16,34.0253392,-118.5977,2026-05-14,0.1309,Safe,5,<10 MPN/100mL,2026-05-15,0.1949,Safe,5,<10 MPN/100mL,2026-05-16,0.2524,Safe,8,<10 MPN/100mL
SMB-1-18,SMB-1-18,34.0385,-118.58196,2026-05-14,0.702,Unsafe,53,53 MPN/100mL,2026-05-15,0.79,Unsafe,78,78 MPN/100mL,2026-05-16,0.7736,Unsafe,75,75 MPN/100mL
SMB-1-6,SMB-1-6,34.0171,-118.7897,2026-05-14,0.1526,Safe,5,<10 MPN/100mL,2026-05-15,0.2505,Safe,8,<10 MPN/100mL,2026-05-16,0.3226,Safe,10,10 MPN/100mL
SMB-1-8,SMB-1-8,34.0253,-118.7656,2026-05-14,0.5603,Unsafe,20,20 MPN/100mL,2026-05-15,0.6913,Unsafe,42,42 MPN/100mL,2026-05-16,0.6717,Unsafe,41,41 MPN/100mL
SMB-2-1,SMB-2-1,34.02530412,-118.566,2026-05-14,0.88,Unsafe,201,201 MPN/100mL (1.9x the safety standard),2026-05-15,0.8797,Unsafe,201,201 MPN/100mL (1.9x the safety standard),2026-05-16,0.8959,Unsafe,352,352 MPN/100mL (3.4x the safety standard)
SMB-2-10,SMB-2-10,33.95702,-118.45196,2026-05-14,0.2427,Safe,8,<10 MPN/100mL,2026-05-15,0.3689,Safe,10,10 MPN/100mL,2026-05-16,0.4043,Unsafe,10,10 MPN/100mL
SMB-2-11,SMB-2-11,33.9444,-118.4442,2026-05-14,0.2956,Safe,10,10 MPN/100mL,2026-05-15,0.348,Safe,10,10 MPN/100mL,2026-05-16,0.3343,Safe,10,10 MPN/100mL
SMB-2-13,SMB-2-13,33.93071,-118.43711,2026-05-14,0.2303,Safe,5,<10 MPN/100mL,2026-05-15,0.3368,Safe,10,10 MPN/100mL,2026-05-16,0.3373,Safe,10,10 MPN/100mL
SMB-2-4,SMB-2-4,34.03744,-118.54191,2026-05-14,0.2855,Safe,10,10 MPN/100mL,2026-05-15,0.3178,Safe,10,10 MPN/100mL,2026-05-16,0.369,Safe,10,10 MPN/100mL
SMB-2-7,SMB-2-7,34.02645,-118.51955,2026-05-14,0.1965,Safe,5,<10 MPN/100mL,2026-05-15,0.2705,Safe,9,<10 MPN/100mL,2026-05-16,0.2704,Safe,9,<10 MPN/100mL
SMB-3-3,Santa Monica Pier,34.0082,-118.4976,2026-05-14,0.5323,Unsafe,20,20 MPN/100mL,2026-05-15,0.6339,Unsafe,37,37 MPN/100mL,2026-05-16,0.6543,Unsafe,40,40 MPN/100mL
SMB-3-4,Pico Kenter Outfall,34.005094,-118.493752,2026-05-14,0.2386,Safe,8,<10 MPN/100mL,2026-05-15,0.3308,Safe,10,10 MPN/100mL,2026-05-16,0.2963,Safe,10,10 MPN/100mL
SMB-3-5,SMB-3-5,33.99662,-118.48488,2026-05-14,0.2153,Safe,5,<10 MPN/100mL,2026-05-15,0.2781,Safe,10,10 MPN/100mL,2026-05-16,0.2831,Safe,10,10 MPN/100mL
SMB-3-6,SMB-3-6,33.9935842,-118.4824055,2026-05-14,0.1967,Safe,5,<10 MPN/100mL,2026-05-15,0.2278,Safe,5,<10 MPN/100mL,2026-05-16,0.2743,Safe,9,<10 MPN/100mL
SMB-3-8,SMB-3-8,33.98625,-118.47635,2026-05-14,0.1843,Safe,5,<10 MPN/100mL,2026-05-15,0.283,Safe,10,10 MPN/100mL,2026-05-16,0.285,Safe,10,10 MPN/100mL
SMB-MC-2,SMB-MC-2,34.0351,-118.67853,2026-05-14,0.1678,Safe,5,<10 MPN/100mL,2026-05-15,0.2214,Safe,5,<10 MPN/100mL,2026-05-16,0.3196,Safe,10,10 MPN/100mL
San Gregorio State Beach,"San Gregorio State Beach-San Gregorio State Beach, San Mateo",37.3224,-122.404,2026-05-14,0.3173,Safe,10,10 MPN/100mL,2026-05-15,0.4361,Safe,10,10 MPN/100mL,2026-05-16,0.451,Unsafe,10,10 MPN/100mL
Surfers Beach,"Surfers Beach-Surfers Beach, San Mateo",37.499732,-122.468894,2026-05-14,0.2465,Safe,8,<10 MPN/100mL,2026-05-15,0.1595,Safe,5,<10 MPN/100mL,2026-05-16,0.1424,Safe,5,<10 MPN/100mL
WP0000023,"WP0000023-Butterfly Beach, Santa Barbara",34.4173,-119.648,2026-05-14,0.1696,Safe,5,<10 MPN/100mL,2026-05-15,0.2375,Safe,8,<10 MPN/100mL,2026-05-16,0.2734,Safe,9,<10 MPN/100mL
WP0000037,"WP0000037-Goleta Beach, Santa Barbara",34.4248,-119.829,2026-05-14,0.16,Safe,5,<10 MPN/100mL,2026-05-15,0.2036,Safe,5,<10 MPN/100mL,2026-05-16,0.2966,Safe,10,10 MPN/100mL
WP0000072,"WP0000072-Hope Ranch Beach, Santa Barbara",34.4145,-119.78,2026-05-14,0.1709,Safe,5,<10 MPN/100mL,2026-05-15,0.2181,Safe,5,<10 MPN/100mL,2026-05-16,0.2486,Safe,8,<10 MPN/100mL
WP0000083,"WP0000083-East Beach, Santa Barbara",34.4164,-119.684,2026-05-14,0.2105,Safe,5,<10 MPN/100mL,2026-05-15,0.2792,Safe,10,10 MPN/100mL,2026-05-16,0.3273,Safe,10,10 MPN/100mL
WP0000085,"WP0000085-East Beach, Santa Barbara",34.4123,-119.685,2026-05-14,0.8855,Unsafe,270,270 MPN/100mL (2.6x the safety standard),2026-05-15,0.8894,Unsafe,270,270 MPN/100mL (2.6x the safety standard),2026-05-16,0.9009,Unsafe,352,352 MPN/100mL (3.4x the safety standard)
WP0000147,"WP0000147-Arroyo Burro, Santa Barbara",34.4023,-119.742,2026-05-14,0.2001,Safe,5,<10 MPN/100mL,2026-05-15,0.2116,Safe,5,<10 MPN/100mL,2026-05-16,0.2319,Safe,5,<10 MPN/100mL
WP0000180,"WP0000180-Carpinteria State, Santa Barbara",34.3899,-119.52,2026-05-14,0.1548,Safe,5,<10 MPN/100mL,2026-05-15,0.2006,Safe,5,<10 MPN/100mL,2026-05-16,0.2763,Safe,10,10 MPN/100mL
Wharf-East,Santa Cruz Municipal Wharf-East at Cowell Beach,36.961995,-122.022464,2026-05-14,0.2246,Safe,5,<10 MPN/100mL,2026-05-15,0.3945,Safe,10,10 MPN/100mL,2026-05-16,0.5005,Unsafe,20,20 MPN/100mL
Whitehouse Pool,Whitehouse Pool,38.063107,-122.817782,2026-05-14,0.2517,Safe,8,<10 MPN/100mL,2026-05-15,0.3345,Safe,10,10 MPN/100mL,2026-05-16,0.3012,Safe,10,10 MPN/100mL
