StationCode,StationName,Latitude,Longitude,prediction_date,exc_probability,prediction,estimated_mpn,mpn_label,regression_mpn,regression_label,top_factor_1,top_factor_2,top_factor_3,shap_direction,last_result,last_exc,exc_rolling3,days_since_sample,lograin1,tide_sample,exceedance_rate_pct,fib_capped,insight
0,"0-Huntington State Beach, Orange",33.6293,-117.96,2026-05-13,0.1891,Safe,5,<10 MPN/100mL,7,<10 MPN/100mL,Hours since high tide,2-day cumulative rainfall,precip,decreasing risk,6.0,0,0.0,50,0.0,0.533,5.7,True,No recent bacteria data — prediction based entirely on current environmental conditions.
1000,"1000-Rincon Beach, Ventura",34.3733,-119.477,2026-05-13,0.4699,Safe,19,19 MPN/100mL,20,20 MPN/100mL,Recent exceedance history,Recent bacteria level,Prior bacteria level,increasing risk,10.0,0,1.0,9,0.0,0.65,7.2,False,The most recent sample was excellent at 10 MPN/100mL; one recent sample exceeded the standard though conditions have since improved.
13000,"13000-Surfers Point at Seaside, Ventura",34.273,-119.305,2026-05-13,0.2245,Safe,5,<10 MPN/100mL,12,12 MPN/100mL,Recent exceedance history,Prior bacteria level,Hours since high tide,decreasing risk,5.0,0,0.0,9,0.0,0.65,5.7,False,The most recent sample was excellent at 5 MPN/100mL.
14000,"14000-Promenade Park Beach, Ventura",34.2742,-119.297,2026-05-13,0.1754,Safe,5,<10 MPN/100mL,11,11 MPN/100mL,Recent bacteria level,Recent exceedance history,Prior bacteria level,decreasing risk,10.0,0,0.0,9,0.0,0.65,5.6,False,The most recent sample was excellent at 10 MPN/100mL.
25000,"25000-Surfers Knoll Beach, Ventura",34.2397,-119.267,2026-05-13,0.4565,Safe,20,20 MPN/100mL,20,20 MPN/100mL,Recent exceedance history,Recent bacteria level,Prior bacteria level,increasing risk,5.0,0,1.0,9,0.0,0.65,3.8,False,The most recent sample was excellent at 5 MPN/100mL; one recent sample exceeded the standard though conditions have since improved.
36000,"36000-Hobie Beach, Ventura",34.1601,-119.222,2026-05-13,0.1626,Safe,5,<10 MPN/100mL,9,<10 MPN/100mL,Recent bacteria level,Recent exceedance history,Prior bacteria level,decreasing risk,5.0,0,0.0,8,0.0,0.65,5.8,False,The most recent sample was excellent at 5 MPN/100mL.
37000,"37000-Kiddie Beach, Ventura",34.1612,-119.222,2026-05-13,0.1626,Safe,5,<10 MPN/100mL,9,<10 MPN/100mL,Recent bacteria level,Recent exceedance history,Prior bacteria level,decreasing risk,20.0,0,0.0,8,0.0,0.65,11.4,False,The most recent sample was excellent at 20 MPN/100mL.
3N,"3N-Huntington State Beach, Orange",33.6331,-117.966,2026-05-13,0.2573,Safe,9,<10 MPN/100mL,9,<10 MPN/100mL,Hours since high tide,2-day cumulative rainfall,precip,decreasing risk,12.0,0,0.0,50,0.0,0.533,8.2,True,No recent bacteria data — prediction based entirely on current environmental conditions.
6N,"6N-Huntington State Beach, Orange",33.6384,-117.975,2026-05-13,0.2573,Safe,9,<10 MPN/100mL,9,<10 MPN/100mL,Hours since high tide,2-day cumulative rainfall,precip,decreasing risk,8.0,0,0.0,50,0.0,0.533,7.4,True,No recent bacteria data — prediction based entirely on current environmental conditions.
AB10,AB10,35.17916,-120.74048,2026-05-13,0.2675,Safe,9,<10 MPN/100mL,16,16 MPN/100mL,Prior bacteria level,Recent exceedance history,Hours since high tide,increasing risk,10.0,0,0.0,9,0.146128035678238,0.727,7.4,False,The most recent sample was excellent at 10 MPN/100mL.
ACM1D,Aliso Creek. 75 ft Downcoast from Point Zero,33.509791,-117.75301,2026-05-13,0.217,Safe,5,<10 MPN/100mL,10,10 MPN/100mL,Hours since high tide,2-day cumulative rainfall,precip,decreasing risk,2.0,0,0.0,44,0.0,0.533,17.6,True,No recent bacteria data — prediction based entirely on current environmental conditions.
ACM1U,Aliso Creek. 75 ft Upcoast from Point Zero,33.510137,-117.753276,2026-05-13,0.217,Safe,5,<10 MPN/100mL,10,10 MPN/100mL,Hours since high tide,2-day cumulative rainfall,precip,decreasing risk,20.0,0,0.0,44,0.0,0.533,12.1,True,No recent bacteria data — prediction based entirely on current environmental conditions.
ACM1Z,Aliso Creek Point Zero,33.50996424,-117.7531431,2026-05-13,0.1527,Safe,5,<10 MPN/100mL,7,<10 MPN/100mL,Hours since high tide,2-day cumulative rainfall,precip,decreasing risk,40.0,0,0.0,44,0.0,0.533,12.3,True,No recent bacteria data — prediction based entirely on current environmental conditions.
Aquatic Park,"Aquatic Park-Aquatic Park, San Mateo",37.5602,-122.291,2026-05-13,0.6946,Unsafe,42,42 MPN/100mL,33,33 MPN/100mL,Recent exceedance history,Recent bacteria level,Prior bacteria level,increasing risk,51.0,0,2.0,9,0.0,1.176,26.3,False,The most recent sample was clean at 51 MPN/100mL; 2 or more of the last 3 samples exceeded the standard.
B-10,"B-10-Long Beach, Long Beach City",33.7501,-118.13,2026-05-13,0.4877,Safe,20,20 MPN/100mL,23,23 MPN/100mL,Recent bacteria level,Recent exceedance history,Prior bacteria level,increasing risk,20.0,0,0.0,23,0.0,0.576,10.3,False,The most recent sample was excellent at 20 MPN/100mL.
B-11,"B-11-Long Beach, Long Beach City",33.7445,-118.119,2026-05-13,0.6727,Unsafe,41,41 MPN/100mL,34,34 MPN/100mL,Recent bacteria level,Recent exceedance history,Prior bacteria level,increasing risk,20.0,0,1.0,16,0.0,0.576,14.1,False,The most recent sample was excellent at 20 MPN/100mL; one recent sample exceeded the standard though conditions have since improved.
B-14,"B-14-Long Beach, Long Beach City",33.7545,-118.132,2026-05-13,0.2721,Safe,9,<10 MPN/100mL,11,11 MPN/100mL,Recent bacteria level,Recent exceedance history,Prior bacteria level,decreasing risk,5.0,0,0.0,16,0.0,0.576,12.5,False,The most recent sample was excellent at 5 MPN/100mL.
B-22,"B-22-Long Beach, Long Beach City",33.7597,-118.119,2026-05-13,0.6988,Unsafe,53,53 MPN/100mL,46,46 MPN/100mL,Recent bacteria level,Recent exceedance history,Prior bacteria level,increasing risk,5.0,0,1.0,23,0.0,0.576,15.6,False,The most recent sample was excellent at 5 MPN/100mL; one recent sample exceeded the standard though conditions have since improved.
B-24,"B-24-Long Beach, Long Beach City",33.7706,-118.135,2026-05-13,0.6516,Unsafe,40,40 MPN/100mL,36,36 MPN/100mL,Recent bacteria level,Recent exceedance history,Hours since high tide,increasing risk,5.0,0,1.0,23,0.0,0.576,14.6,False,The most recent sample was excellent at 5 MPN/100mL; one recent sample exceeded the standard though conditions have since improved.
B-25,"B-25-Long Beach, Long Beach City",33.7712,-118.134,2026-05-13,0.5897,Unsafe,20,20 MPN/100mL,33,33 MPN/100mL,Prior bacteria level,Recent exceedance history,Hours since high tide,increasing risk,5.0,0,1.0,16,0.0,0.576,13.4,False,The most recent sample was excellent at 5 MPN/100mL; one recent sample exceeded the standard though conditions have since improved.
B-31,"B-31-Long Beach, Long Beach City",33.7512,-118.126,2026-05-13,0.1879,Safe,5,<10 MPN/100mL,9,<10 MPN/100mL,Recent bacteria level,Recent exceedance history,Prior bacteria level,decreasing risk,5.0,0,0.0,16,0.0,0.576,14.7,False,The most recent sample was excellent at 5 MPN/100mL.
B-5,"B-5-Long Beach, Long Beach City",33.7639,-118.178,2026-05-13,0.3189,Safe,10,10 MPN/100mL,14,14 MPN/100mL,Prior bacteria level,Recent bacteria level,Recent exceedance history,increasing risk,5.0,0,0.0,14,0.0,0.576,15.8,False,The most recent sample was excellent at 5 MPN/100mL.
B-56,"B-56-Long Beach, Long Beach City",33.7634,-118.174,2026-05-13,0.1783,Safe,5,<10 MPN/100mL,9,<10 MPN/100mL,Recent bacteria level,Recent exceedance history,Prior bacteria level,decreasing risk,5.0,0,0.0,14,0.0,0.576,14.3,False,The most recent sample was excellent at 5 MPN/100mL.
B-60,"B-60-Long Beach, Long Beach City",33.7614,-118.162,2026-05-13,0.2707,Safe,9,<10 MPN/100mL,12,12 MPN/100mL,Recent bacteria level,Recent exceedance history,Prior bacteria level,decreasing risk,5.0,0,0.0,14,0.0,0.576,14.6,False,The most recent sample was excellent at 5 MPN/100mL.
B-64,"B-64-Long Beach, Long Beach City",33.755,-118.14,2026-05-13,0.6482,Unsafe,40,40 MPN/100mL,32,32 MPN/100mL,Recent bacteria level,Recent exceedance history,Prior bacteria level,increasing risk,20.0,0,1.0,16,0.0,0.576,15.5,False,The most recent sample was excellent at 20 MPN/100mL; one recent sample exceeded the standard though conditions have since improved.
B-67,"B-67-Long Beach, Long Beach City",33.7581,-118.13,2026-05-13,0.1879,Safe,5,<10 MPN/100mL,9,<10 MPN/100mL,Recent bacteria level,Recent exceedance history,Prior bacteria level,decreasing risk,5.0,0,0.0,16,0.0,0.576,12.7,False,The most recent sample was excellent at 5 MPN/100mL.
B-7,"B-7-Long Beach, Long Beach City",33.7596,-118.155,2026-05-13,0.2707,Safe,9,<10 MPN/100mL,12,12 MPN/100mL,Recent bacteria level,Recent exceedance history,Prior bacteria level,decreasing risk,31.0,0,0.0,14,0.0,0.576,14.3,False,The most recent sample was excellent at 31 MPN/100mL.
B-8,"B-8-Long Beach, Long Beach City",33.7579,-118.149,2026-05-13,0.3154,Safe,10,10 MPN/100mL,13,13 MPN/100mL,Recent bacteria level,Recent exceedance history,Prior bacteria level,increasing risk,20.0,0,0.0,22,0.0,0.576,14.3,False,The most recent sample was excellent at 20 MPN/100mL.
B-9,"B-9-Long Beach, Long Beach City",33.7564,-118.144,2026-05-13,0.6278,Unsafe,37,37 MPN/100mL,32,32 MPN/100mL,Recent exceedance history,Recent bacteria level,Prior bacteria level,increasing risk,5.0,0,2.0,16,0.0,0.576,17.4,False,The most recent sample was excellent at 5 MPN/100mL; 2 or more of the last 3 samples exceeded the standard.
BAY#202.4_SL,"BAY#202.4_SL-Crissy Field, San Francisco",37.8063,-122.451,2026-05-13,0.2271,Safe,5,<10 MPN/100mL,11,11 MPN/100mL,Solar radiation today,precip,2-day cumulative rainfall,decreasing risk,5.0,0,0.0,198,0.0,1.176,13.2,True,No recent bacteria data — prediction based entirely on current environmental conditions.
BAY#202.5_SL,"BAY#202.5_SL-Crissy Field, San Francisco",37.8072,-122.469,2026-05-13,0.15,Safe,5,<10 MPN/100mL,8,<10 MPN/100mL,Solar radiation today,precip,2-day cumulative rainfall,decreasing risk,5.0,0,0.0,198,0.0,1.176,6.7,True,No recent bacteria data — prediction based entirely on current environmental conditions.
BAY#211_SL,"BAY#211_SL-Aquatic Park, San Francisco",37.8069,-122.423,2026-05-13,0.2227,Safe,5,<10 MPN/100mL,11,11 MPN/100mL,Solar radiation today,precip,2-day cumulative rainfall,decreasing risk,5.0,0,0.0,198,0.0,1.176,9.0,True,No recent bacteria data — prediction based entirely on current environmental conditions.
BAY#220_SL,BAY#220_SL,37.7719,-122.3967,2026-05-13,0.2365,Safe,8,<10 MPN/100mL,11,11 MPN/100mL,Solar radiation today,precip,2-day cumulative rainfall,decreasing risk,5.0,0,0.0,198,0.0,1.176,25.1,True,No recent bacteria data — prediction based entirely on current environmental conditions.
BAY#230_SL,BAY#230_SL,37.763431,-122.386861,2026-05-13,0.2365,Safe,8,<10 MPN/100mL,11,11 MPN/100mL,Solar radiation today,precip,2-day cumulative rainfall,decreasing risk,5.0,0,0.0,198,0.0,1.176,15.1,True,No recent bacteria data — prediction based entirely on current environmental conditions.
BAY#300.1_SL,"BAY#300.1_SL-Candlestick Point, San Francisco",37.7098,-122.387,2026-05-13,0.3107,Safe,10,10 MPN/100mL,13,13 MPN/100mL,Solar radiation today,precip,2-day cumulative rainfall,decreasing risk,20.0,0,0.0,197,0.0,1.176,24.2,True,No recent bacteria data — prediction based entirely on current environmental conditions.
BAY#301.1_SL,"BAY#301.1_SL-Candlestick Point, San Francisco",37.7092,-122.382,2026-05-13,0.362,Safe,10,10 MPN/100mL,16,16 MPN/100mL,Solar radiation today,precip,2-day cumulative rainfall,decreasing risk,5.0,0,0.0,198,0.0,1.176,28.4,True,No recent bacteria data — prediction based entirely on current environmental conditions.
BAY#301.2_SL,"BAY#301.2_SL-Candlestick Point, San Francisco",37.7115,-122.38,2026-05-13,0.232,Safe,5,<10 MPN/100mL,12,12 MPN/100mL,Solar radiation today,precip,2-day cumulative rainfall,decreasing risk,10.0,0,0.0,198,0.0,1.176,12.6,True,No recent bacteria data — prediction based entirely on current environmental conditions.
BAY#320_SL,BAY#320_SL,37.74703,-122.38793,2026-05-13,0.2339,Safe,5,<10 MPN/100mL,11,11 MPN/100mL,Solar radiation today,precip,2-day cumulative rainfall,decreasing risk,10.0,0,0.0,198,0.0,1.176,26.0,True,No recent bacteria data — prediction based entirely on current environmental conditions.
BC-030,"BC-030-Baja California, MEXICO, San Diego",32.5284,-117.126,2026-05-13,0.4816,Safe,20,20 MPN/100mL,18,18 MPN/100mL,Recent exceedance history,Prior bacteria level,Recent bacteria level,increasing risk,6.0,0,1.0,15,0.0,0.581,21.9,False,The most recent sample was excellent at 6 MPN/100mL; one recent sample exceeded the standard though conditions have since improved.
BDP12,"BDP12-Dana Point Harbor, Orange",33.4622,-117.705,2026-05-13,0.29,Safe,10,10 MPN/100mL,13,13 MPN/100mL,Hours since high tide,2-day cumulative rainfall,precip,decreasing risk,40.0,0,0.0,51,0.0,0.533,9.4,True,No recent bacteria data — prediction based entirely on current environmental conditions.
BDP13,"BDP13-Dana Point Harbor, Orange",33.4623,-117.704,2026-05-13,0.268,Safe,9,<10 MPN/100mL,11,11 MPN/100mL,Hours since high tide,2-day cumulative rainfall,precip,decreasing risk,24.0,0,0.0,51,0.0,0.533,7.5,True,No recent bacteria data — prediction based entirely on current environmental conditions.
BDP14,"BDP14-Dana Point Harbor, Orange",33.4625,-117.704,2026-05-13,0.268,Safe,9,<10 MPN/100mL,11,11 MPN/100mL,Hours since high tide,2-day cumulative rainfall,precip,decreasing risk,46.0,0,0.0,51,0.0,0.533,9.9,True,No recent bacteria data — prediction based entirely on current environmental conditions.
BGCD,"BGCD-Newport Beach, Orange",33.59,-117.868,2026-05-13,0.2307,Safe,5,<10 MPN/100mL,11,11 MPN/100mL,Hours since high tide,2-day cumulative rainfall,precip,decreasing risk,6.0,0,0.0,56,0.0,0.533,12.0,True,No recent bacteria data — prediction based entirely on current environmental conditions.
BGCU,"BGCU-Newport Beach, Orange",33.59,-117.868,2026-05-13,0.2307,Safe,5,<10 MPN/100mL,9,<10 MPN/100mL,Hours since high tide,2-day cumulative rainfall,precip,decreasing risk,12.0,0,0.0,56,0.0,0.533,7.4,True,No recent bacteria data — prediction based entirely on current environmental conditions.
BHH13,"BHH13-Huntington Harbour, Orange",33.7197,-118.065,2026-05-13,0.1896,Safe,5,<10 MPN/100mL,9,<10 MPN/100mL,Hours since high tide,2-day cumulative rainfall,precip,decreasing risk,6.0,0,0.0,49,0.0,0.576,6.3,True,No recent bacteria data — prediction based entirely on current environmental conditions.
BHH15,"BHH15-Huntington Harbour, Orange",33.7263,-118.072,2026-05-13,0.2707,Safe,9,<10 MPN/100mL,11,11 MPN/100mL,Hours since high tide,precip,2-day cumulative rainfall,decreasing risk,20.0,0,0.0,49,0.0,0.576,12.4,True,No recent bacteria data — prediction based entirely on current environmental conditions.
BNB01,"BNB01-Newport Bay, Orange",33.6058,-117.886,2026-05-13,0.1788,Safe,5,<10 MPN/100mL,9,<10 MPN/100mL,Hours since high tide,2-day cumulative rainfall,precip,decreasing risk,20.0,0,0.0,51,0.0,0.533,4.5,True,No recent bacteria data — prediction based entirely on current environmental conditions.
BNB02,"BNB02-Newport Bay, Orange",33.6087,-117.891,2026-05-13,0.1788,Safe,5,<10 MPN/100mL,9,<10 MPN/100mL,Hours since high tide,2-day cumulative rainfall,precip,decreasing risk,2.0,0,0.0,51,0.0,0.533,6.5,True,No recent bacteria data — prediction based entirely on current environmental conditions.
BNB05,"BNB05-Newport Bay, Orange",33.613,-117.908,2026-05-13,0.1784,Safe,5,<10 MPN/100mL,9,<10 MPN/100mL,Hours since high tide,2-day cumulative rainfall,precip,decreasing risk,6.0,0,0.0,51,0.0,0.533,5.8,True,No recent bacteria data — prediction based entirely on current environmental conditions.
BNB09,"BNB09-Newport Bay, Orange",33.621,-117.937,2026-05-13,0.2175,Safe,5,<10 MPN/100mL,10,10 MPN/100mL,Hours since high tide,2-day cumulative rainfall,precip,decreasing risk,20.0,0,0.0,51,0.0,0.533,6.9,True,No recent bacteria data — prediction based entirely on current environmental conditions.
BNB12,"BNB12-Newport Bay, Orange",33.615,-117.927,2026-05-13,0.179,Safe,5,<10 MPN/100mL,9,<10 MPN/100mL,Hours since high tide,2-day cumulative rainfall,precip,decreasing risk,44.0,0,0.0,51,0.0,0.533,5.1,True,No recent bacteria data — prediction based entirely on current environmental conditions.
BNB14,"BNB14-Newport Bay, Orange",33.609,-117.926,2026-05-13,0.1784,Safe,5,<10 MPN/100mL,9,<10 MPN/100mL,Hours since high tide,2-day cumulative rainfall,precip,decreasing risk,34.0,0,0.0,51,0.0,0.533,4.6,True,No recent bacteria data — prediction based entirely on current environmental conditions.
BNB20,"BNB20-Newport Bay, Orange",33.6042,-117.893,2026-05-13,0.1788,Safe,5,<10 MPN/100mL,9,<10 MPN/100mL,Hours since high tide,2-day cumulative rainfall,precip,decreasing risk,70.0,0,0.0,49,0.0,0.533,7.1,True,No recent bacteria data — prediction based entirely on current environmental conditions.
BNB21,"BNB21-Newport Bay, Orange",33.6047,-117.888,2026-05-13,0.2046,Safe,5,<10 MPN/100mL,9,<10 MPN/100mL,Hours since high tide,2-day cumulative rainfall,precip,decreasing risk,24.0,0,0.0,51,0.0,0.533,6.3,True,No recent bacteria data — prediction based entirely on current environmental conditions.
BNB24E,"BNB24E-Newport Bay, Orange",33.6327,-117.892,2026-05-13,0.282,Safe,10,10 MPN/100mL,11,11 MPN/100mL,Hours since high tide,2-day cumulative rainfall,precip,decreasing risk,2.0,0,0.0,51,0.0,0.533,9.0,True,No recent bacteria data — prediction based entirely on current environmental conditions.
BNB24M,"BNB24M-Newport Bay, Orange",33.6148,-117.894,2026-05-13,0.1855,Safe,5,<10 MPN/100mL,9,<10 MPN/100mL,Hours since high tide,2-day cumulative rainfall,precip,decreasing risk,130.0,1,0.0,49,0.0,0.533,7.6,True,No recent bacteria data — prediction based entirely on current environmental conditions.
BNB24N,"BNB24N-Newport Bay, Orange",33.6178,-117.892,2026-05-13,0.2842,Safe,10,10 MPN/100mL,11,11 MPN/100mL,Hours since high tide,2-day cumulative rainfall,precip,decreasing risk,10.0,0,0.0,49,0.0,0.533,11.8,True,No recent bacteria data — prediction based entirely on current environmental conditions.
BNB28,"BNB28-Newport Bay, Orange",33.6255,-117.893,2026-05-13,0.1855,Safe,5,<10 MPN/100mL,9,<10 MPN/100mL,Hours since high tide,2-day cumulative rainfall,precip,decreasing risk,20.0,0,0.0,51,0.0,0.533,7.7,True,No recent bacteria data — prediction based entirely on current environmental conditions.
BNB31,"BNB31-Newport Bay, Orange",33.6065,-117.899,2026-05-13,0.211,Safe,5,<10 MPN/100mL,9,<10 MPN/100mL,Hours since high tide,2-day cumulative rainfall,precip,decreasing risk,1.0,0,0.0,58,0.0,0.533,7.6,True,No recent bacteria data — prediction based entirely on current environmental conditions.
BNB33,"BNB33-Newport Bay, Orange",33.6028,-117.884,2026-05-13,0.2863,Safe,10,10 MPN/100mL,11,11 MPN/100mL,Hours since high tide,precip,2-day cumulative rainfall,decreasing risk,10.0,0,0.0,58,0.0,0.533,8.6,True,No recent bacteria data — prediction based entirely on current environmental conditions.
BNB35,"BNB35-Newport Bay, Orange",33.62,-117.929,2026-05-13,0.211,Safe,5,<10 MPN/100mL,9,<10 MPN/100mL,Hours since high tide,2-day cumulative rainfall,precip,decreasing risk,28.0,0,0.0,51,0.0,0.533,17.0,True,No recent bacteria data — prediction based entirely on current environmental conditions.
BNS01,"BNS01-Newport Slough, Orange",33.6299,-117.951,2026-05-13,0.2834,Safe,10,10 MPN/100mL,11,11 MPN/100mL,Hours since high tide,2-day cumulative rainfall,precip,decreasing risk,22.0,0,0.0,49,0.0,0.533,7.7,True,No recent bacteria data — prediction based entirely on current environmental conditions.
BNS02,"BNS02-Newport Slough, Orange",33.6273,-117.947,2026-05-13,0.2834,Safe,10,10 MPN/100mL,11,11 MPN/100mL,Hours since high tide,2-day cumulative rainfall,precip,decreasing risk,20.0,0,0.0,49,0.0,0.533,8.4,True,No recent bacteria data — prediction based entirely on current environmental conditions.
CB-01,CB-01,33.71333,-118.283,2026-05-13,0.2396,Safe,8,<10 MPN/100mL,11,11 MPN/100mL,Recent exceedance history,Prior bacteria level,Recent bacteria level,decreasing risk,5.0,0,0.0,5,0.0,0.576,16.5,False,The most recent sample was excellent at 5 MPN/100mL.
CB-02,CB-02,33.71138,-118.2831,2026-05-13,0.5011,Unsafe,20,20 MPN/100mL,14,14 MPN/100mL,Recent exceedance history,Prior bacteria level,Recent bacteria level,increasing risk,85.0,0,1.0,5,0.0,0.576,33.3,False,The most recent sample was clean at 85 MPN/100mL; one recent sample exceeded the standard though conditions have since improved.
CLEOz,Cleo St. Point Zero,33.53696386,-117.7808234,2026-05-13,0.156,Safe,5,<10 MPN/100mL,10,10 MPN/100mL,Hours since high tide,2-day cumulative rainfall,precip,decreasing risk,2.0,0,0.0,51,0.0,0.533,5.9,True,No recent bacteria data — prediction based entirely on current environmental conditions.
CSD_D11,City of San Diego Station D11,32.754,-117.2526667,2026-05-13,0.2092,Safe,5,<10 MPN/100mL,11,11 MPN/100mL,Hours since high tide,2-day cumulative rainfall,precip,decreasing risk,10.0,0,0.0,503,0.0,0.581,8.8,True,No recent bacteria data — prediction based entirely on current environmental conditions.
CSD_S10,City of San Diego Station S10,32.5433,-117.125,2026-05-13,0.5731,Unsafe,20,20 MPN/100mL,30,30 MPN/100mL,Hours since high tide,tide_max,precip,decreasing risk,500.0,1,0.0,499,0.0,0.581,47.0,True,No recent bacteria data — prediction based entirely on current environmental conditions.
CSD_S11,City of San Diego Station S11,32.5613,-117.132,2026-05-13,0.5506,Unsafe,20,20 MPN/100mL,28,28 MPN/100mL,Hours since high tide,tide_max,precip,decreasing risk,1.0,0,0.0,499,0.0,0.581,41.5,True,No recent bacteria data — prediction based entirely on current environmental conditions.
CSD_S12,City of San Diego Station S12,32.5857,-117.133,2026-05-13,0.2984,Safe,10,10 MPN/100mL,14,14 MPN/100mL,Hours since high tide,tide_max,2-day cumulative rainfall,decreasing risk,2.0,0,0.0,499,0.0,0.581,21.4,True,No recent bacteria data — prediction based entirely on current environmental conditions.
CSD_S2,City of San Diego Station S2,32.4987,-117.123,2026-05-13,0.4669,Safe,19,19 MPN/100mL,20,20 MPN/100mL,Hours since high tide,tide_max,precip,decreasing risk,240.0,1,0.0,499,0.0,0.581,33.7,True,No recent bacteria data — prediction based entirely on current environmental conditions.
CSD_S3,City of San Diego Station S3,32.5257,-117.124,2026-05-13,0.5535,Unsafe,20,20 MPN/100mL,30,30 MPN/100mL,Hours since high tide,tide_max,precip,decreasing risk,78.0,0,0.0,499,0.0,0.581,42.9,True,No recent bacteria data — prediction based entirely on current environmental conditions.
CSD_S4,City of San Diego Station S4,32.5353,-117.125,2026-05-13,0.5201,Unsafe,20,20 MPN/100mL,25,25 MPN/100mL,Hours since high tide,tide_max,precip,decreasing risk,22.0,0,0.0,499,0.0,0.581,40.4,True,No recent bacteria data — prediction based entirely on current environmental conditions.
CSD_S6,City of San Diego Station S6,32.5663,-117.133,2026-05-13,0.4427,Safe,10,10 MPN/100mL,19,19 MPN/100mL,Hours since high tide,tide_max,precip,decreasing risk,2.0,0,0.0,499,0.0,0.581,33.9,True,No recent bacteria data — prediction based entirely on current environmental conditions.
CSD_S8,City of San Diego Station S8,32.6368,-117.144,2026-05-13,0.2414,Safe,8,<10 MPN/100mL,7,<10 MPN/100mL,Hours since high tide,precip,Rain and high tide combination,decreasing risk,4.0,0,0.0,499,0.146128035678238,0.581,5.5,True,No recent bacteria data — prediction based entirely on current environmental conditions.
Campbell Cove,"Campbell Cove-Campbell Cove State Beach, Sonoma",38.3049,-123.057,2026-05-13,0.2274,Safe,5,<10 MPN/100mL,11,11 MPN/100mL,Prior bacteria level,Recent exceedance history,Recent bacteria level,increasing risk,20.0,0,0.0,9,0.0,0.974,6.9,False,The most recent sample was excellent at 20 MPN/100mL.
Cowell,Cowell Beach ,36.960806,-122.024308,2026-05-13,0.2616,Safe,9,<10 MPN/100mL,13,13 MPN/100mL,Recent bacteria level,Recent exceedance history,Solar radiation today,increasing risk,66.0,0,0.0,9,0.0,0.812,12.9,False,The most recent sample was clean at 66 MPN/100mL.
Cowell-BC,Cowell Beach Site BC,36.96147,-122.023339,2026-05-13,0.2611,Safe,9,<10 MPN/100mL,14,14 MPN/100mL,Solar radiation today,Hours since high tide,precip,decreasing risk,29.0,0,0.0,926,0.0,0.812,15.9,True,No recent bacteria data — prediction based entirely on current environmental conditions.
Cowell-CW,Cowell Beach Site CW,36.961759,-122.022927,2026-05-13,0.2661,Safe,9,<10 MPN/100mL,14,14 MPN/100mL,Solar radiation today,Hours since high tide,precip,decreasing risk,40.0,0,0.0,926,0.0,0.812,17.8,True,No recent bacteria data — prediction based entirely on current environmental conditions.
Coyote Point County Park,"Coyote Point County Park-Coyote Point County Park, San Mateo",37.5893,-122.328,2026-05-13,0.2044,Safe,5,<10 MPN/100mL,12,12 MPN/100mL,Recent exceedance history,Solar radiation today,precip,decreasing risk,5.0,0,0.0,9,0.0,1.176,8.7,False,The most recent sample was excellent at 5 MPN/100mL.
Crown 2001 Shoreline Dr.,"2001 Shoreline Dr.-Crown Beach (Alameda Co), East Bay Parks District",37.7573,-122.259,2026-05-13,0.5812,Unsafe,30,30 MPN/100mL,26,26 MPN/100mL,Recent bacteria level,Recent exceedance history,Prior bacteria level,increasing risk,8.0,0,1.0,23,0.0,1.176,8.1,False,The most recent sample was excellent at 8 MPN/100mL; one recent sample exceeded the standard though conditions have since improved.
Crown Bird Sanctuary,"Bird Sanctuary-Crown Beach (Alameda Co), East Bay Parks District",37.754,-122.251,2026-05-13,0.3365,Safe,10,10 MPN/100mL,14,14 MPN/100mL,Recent bacteria level,Recent exceedance history,Prior bacteria level,increasing risk,6.0,0,0.0,23,0.0,1.176,12.8,False,The most recent sample was excellent at 6 MPN/100mL.
Crown Crab Cove,"Crown Crab Cove-Crown Beach (Alameda Co), East Bay Parks District",37.76827,-122.278283,2026-05-13,0.1631,Safe,5,<10 MPN/100mL,6,<10 MPN/100mL,Recent exceedance history,Recent bacteria level,Prior bacteria level,decreasing risk,340.0,1,0.0,23,0.0,1.176,15.6,False,The most recent sample exceeded the safety standard at 340 MPN/100mL.
Crown Windsurfer Corner,"Windsurfer Corner-Crown Beach (Alameda Co), East Bay Parks District",37.7629,-122.273,2026-05-13,0.455,Safe,20,20 MPN/100mL,22,22 MPN/100mL,Recent bacteria level,Prior bacteria level,Recent exceedance history,increasing risk,140.0,1,0.0,23,0.0,1.176,5.1,False,The most recent sample exceeded the safety standard at 140 MPN/100mL.
DHS005,"DHS005-Malibu Beach, Los Angeles",34.0291,-118.754,2026-05-13,0.67,Unsafe,41,41 MPN/100mL,35,35 MPN/100mL,Recent bacteria level,Prior bacteria level,Recent exceedance history,increasing risk,31.0,0,1.0,8,0.0,0.563,6.3,False,The most recent sample was excellent at 31 MPN/100mL; one recent sample exceeded the standard though conditions have since improved.
DHS006,"DHS006-Malibu Beach, Los Angeles",34.0207,-118.786,2026-05-13,0.7417,Unsafe,54,54 MPN/100mL,53,53 MPN/100mL,Recent exceedance history,Recent bacteria level,Prior bacteria level,increasing risk,63.0,0,2.0,8,0.0,0.563,15.3,False,The most recent sample was clean at 63 MPN/100mL; 2 or more of the last 3 samples exceeded the standard.
DHS102,"DHS102-Will Rogers State Beach, Los Angeles",34.0383,-118.544,2026-05-13,0.1577,Safe,5,<10 MPN/100mL,8,<10 MPN/100mL,Recent bacteria level,Recent exceedance history,Prior bacteria level,decreasing risk,20.0,0,0.0,9,0.0,0.563,7.9,False,The most recent sample was excellent at 20 MPN/100mL.
DHS103,"DHS103-Will Rogers State Beach, Los Angeles",34.0348,-118.536,2026-05-13,0.2502,Safe,8,<10 MPN/100mL,12,12 MPN/100mL,Recent exceedance history,Hours since high tide,precip,decreasing risk,5.0,0,0.0,9,0.0,0.563,6.8,False,The most recent sample was excellent at 5 MPN/100mL.
DHS104,"DHS104-Santa Monica State Beach, Los Angeles",34.02,-118.51,2026-05-13,0.1996,Safe,5,<10 MPN/100mL,9,<10 MPN/100mL,Recent bacteria level,Recent exceedance history,Hours since high tide,decreasing risk,20.0,0,0.0,9,0.0,0.563,8.1,False,The most recent sample was excellent at 20 MPN/100mL.
DHS104B,"DHS104B-Santa Monica State Beach, Los Angeles",34.0193,-118.51,2026-05-13,0.2044,Safe,5,<10 MPN/100mL,10,10 MPN/100mL,Recent exceedance history,Prior bacteria level,Hours since high tide,decreasing risk,10.0,0,0.0,9,0.0,0.563,6.7,False,The most recent sample was excellent at 10 MPN/100mL.
DHS105,"DHS105-Santa Monica State Beach, Los Angeles",34.0147,-118.504,2026-05-13,0.1996,Safe,5,<10 MPN/100mL,9,<10 MPN/100mL,Recent bacteria level,Recent exceedance history,Hours since high tide,decreasing risk,5.0,0,0.0,9,0.0,0.563,12.7,False,The most recent sample was excellent at 5 MPN/100mL.
DHS105B,"DHS105B-Santa Monica State Beach, Los Angeles",34.0144,-118.504,2026-05-13,0.2044,Safe,5,<10 MPN/100mL,10,10 MPN/100mL,Recent exceedance history,Prior bacteria level,Hours since high tide,decreasing risk,20.0,0,0.0,9,0.0,0.563,9.3,False,The most recent sample was excellent at 20 MPN/100mL.
DHS106,"DHS106-Santa Monica State Beach, Los Angeles",34.002,-118.49,2026-05-13,0.2397,Safe,8,<10 MPN/100mL,11,11 MPN/100mL,Recent exceedance history,Prior bacteria level,Recent bacteria level,decreasing risk,52.0,0,0.0,9,0.0,0.563,6.8,False,The most recent sample was clean at 52 MPN/100mL.
DHS113,"DHS113-Manhattan Beach, Los Angeles",33.8945,-118.418,2026-05-13,0.1548,Safe,5,<10 MPN/100mL,8,<10 MPN/100mL,Recent bacteria level,Recent exceedance history,Prior bacteria level,decreasing risk,5.0,0,0.0,5,0.0,0.563,9.6,False,The most recent sample was excellent at 5 MPN/100mL.
DHS114,"DHS114-Hermosa Beach, Los Angeles",33.8715,-118.407,2026-05-13,0.2478,Safe,8,<10 MPN/100mL,11,11 MPN/100mL,Recent exceedance history,Prior bacteria level,Recent bacteria level,decreasing risk,5.0,0,0.0,9,0.0,0.576,2.9,False,The most recent sample was excellent at 5 MPN/100mL.
DHS115,"DHS115-Hermosa Beach, Los Angeles",33.8522,-118.399,2026-05-13,0.1538,Safe,5,<10 MPN/100mL,8,<10 MPN/100mL,Recent bacteria level,Recent exceedance history,Prior bacteria level,decreasing risk,5.0,0,0.0,5,0.0,0.576,9.2,False,The most recent sample was excellent at 5 MPN/100mL.
DMB,"DMB-Del Monte Beach, Monterey",36.601,-121.887,2026-05-13,0.26,Safe,9,<10 MPN/100mL,11,11 MPN/100mL,Hours since high tide,precip,2-day cumulative rainfall,decreasing risk,63.0,0,0.0,107,0.0,0.812,10.8,True,No recent bacteria data — prediction based entirely on current environmental conditions.
DPH 002B,DPH 002B,34.0368898,-118.676899,2026-05-13,0.3336,Safe,10,10 MPN/100mL,19,19 MPN/100mL,Recent bacteria level,Recent exceedance history,Solar radiation 1 days ago,decreasing risk,5.0,0,0.0,8,0.255272505103306,0.563,6.9,False,The most recent sample was excellent at 5 MPN/100mL.
DPH 122,DPH 122,33.9611547,-118.4562179,2026-05-13,0.3728,Safe,10,10 MPN/100mL,13,13 MPN/100mL,Recent exceedance history,Recent bacteria level,Hours since high tide,increasing risk,20.0,0,1.0,9,0.0,0.563,6.3,False,The most recent sample was excellent at 20 MPN/100mL; one recent sample exceeded the standard though conditions have since improved.
DSB4Z,Doheny State Beach Drain 4 Point Zero,33.4601855299999,-117.677785099999,2026-05-13,0.1725,Safe,5,<10 MPN/100mL,9,<10 MPN/100mL,Hours since high tide,2-day cumulative rainfall,precip,decreasing risk,1.0,0,0.0,44,0.0,0.533,7.0,True,No recent bacteria data — prediction based entirely on current environmental conditions.
DSB5Z,North Beach Creek Point Zero,33.46102357,-117.689355199999,2026-05-13,0.3869,Safe,10,10 MPN/100mL,16,16 MPN/100mL,Hours since high tide,2-day cumulative rainfall,precip,decreasing risk,10.0,0,0.0,44,0.0,0.533,21.8,True,No recent bacteria data — prediction based entirely on current environmental conditions.
Dunes State Beach,"Dunes State Beach-Dunes State Beach, San Mateo",37.4823,-122.453,2026-05-13,0.729,Unsafe,53,53 MPN/100mL,55,55 MPN/100mL,Recent exceedance history,Recent bacteria level,Prior bacteria level,increasing risk,5.0,0,2.0,9,0.146128035678238,1.176,10.1,False,The most recent sample was excellent at 5 MPN/100mL; 2 or more of the last 3 samples exceeded the standard.
EH-070,"EH-070-San Diego Bay Coronado Cays, San Diego",32.6904,-117.164,2026-05-13,0.2463,Safe,8,<10 MPN/100mL,10,10 MPN/100mL,Recent exceedance history,Prior bacteria level,Hours since high tide,decreasing risk,10.0,0,0.0,13,0.146128035678238,0.581,26.8,False,The most recent sample was excellent at 10 MPN/100mL.
EH-200,"EH-200-San Diego Bay Shelter Is, San Diego",32.7148,-117.224,2026-05-13,0.3612,Safe,10,10 MPN/100mL,14,14 MPN/100mL,Recent bacteria level,Recent exceedance history,Prior bacteria level,increasing risk,10.0,0,0.0,9,0.0,0.581,12.1,False,The most recent sample was excellent at 10 MPN/100mL.
EH-310,"EH-310-South Casa Beach S.D., San Diego",32.8475,-117.278,2026-05-13,0.6342,Unsafe,37,37 MPN/100mL,34,34 MPN/100mL,Recent exceedance history,Recent bacteria level,Prior bacteria level,increasing risk,2.0,0,2.0,21,0.0,0.515,12.4,False,The most recent sample was excellent at 2 MPN/100mL; 2 or more of the last 3 samples exceeded the standard.
EH-360,"EH-360-Powerhouse Park 15th Street, San Diego",32.96,-117.269,2026-05-13,0.1876,Safe,5,<10 MPN/100mL,12,12 MPN/100mL,Hours since high tide,Solar radiation 1 days ago,2-day cumulative rainfall,decreasing risk,99.0,0,0.0,133,0.0,0.515,17.4,True,No recent bacteria data — prediction based entirely on current environmental conditions.
EH-380,"EH-380-San Dieguito River Beach, San Diego",32.9747,-117.271,2026-05-13,0.1646,Safe,5,<10 MPN/100mL,8,<10 MPN/100mL,Recent bacteria level,Recent exceedance history,Prior bacteria level,decreasing risk,6.0,0,0.0,21,0.0,0.515,13.2,False,The most recent sample was excellent at 6 MPN/100mL.
EH-460,"EH-460-Carlsbad State Beach, San Diego",33.1467,-117.345,2026-05-13,0.2295,Safe,5,<10 MPN/100mL,10,10 MPN/100mL,Hours since high tide,precip,Solar radiation 1 days ago,decreasing risk,1090.0,1,0.0,134,0.146128035678238,0.515,15.8,True,No recent bacteria data — prediction based entirely on current environmental conditions.
EH-475,"EH-475-Carlsbad City Beach, San Diego",33.1571,-117.353,2026-05-13,0.1843,Safe,5,<10 MPN/100mL,11,11 MPN/100mL,Hours since high tide,Solar radiation 1 days ago,2-day cumulative rainfall,decreasing risk,223.0,1,0.0,926,0.0,0.515,27.9,True,No recent bacteria data — prediction based entirely on current environmental conditions.
Erckenbrack Park,Erckenbrack Park,37.563365,-122.260472,2026-05-13,0.4103,Safe,10,10 MPN/100mL,20,20 MPN/100mL,Recent exceedance history,Prior bacteria level,Solar radiation today,increasing risk,10.0,0,1.0,9,0.0,1.176,38.8,False,The most recent sample was excellent at 10 MPN/100mL; one recent sample exceeded the standard though conditions have since improved.
FM-010,"FM-010-Dog Beach, O.B., San Diego",32.7565,-117.25,2026-05-13,0.5976,Unsafe,31,31 MPN/100mL,29,29 MPN/100mL,Recent bacteria level,Recent exceedance history,Hours since high tide,increasing risk,1.0,0,1.0,13,0.0,0.581,22.7,False,The most recent sample was excellent at 1 MPN/100mL; one recent sample exceeded the standard though conditions have since improved.
FM-030,"FM-030-Tourmaline Surfing Park, San Diego",32.8078,-117.266,2026-05-13,0.2128,Safe,5,<10 MPN/100mL,10,10 MPN/100mL,Recent bacteria level,Recent exceedance history,Prior bacteria level,decreasing risk,1.0,0,0.0,21,0.255272505103306,0.515,14.5,False,The most recent sample was excellent at 1 MPN/100mL.
FM-080,"FM-080-La Jolla Shores Beach, San Diego",32.8547,-117.26,2026-05-13,0.325,Safe,10,10 MPN/100mL,11,11 MPN/100mL,Recent exceedance history,Recent bacteria level,Prior bacteria level,increasing risk,1.0,0,1.0,21,0.0,0.515,18.2,False,The most recent sample was excellent at 1 MPN/100mL; one recent sample exceeded the standard though conditions have since improved.
FM-100,"FM-100-Torrey Pines State Beach, San Diego",32.9346,-117.261,2026-05-13,0.1589,Safe,5,<10 MPN/100mL,6,<10 MPN/100mL,Recent bacteria level,Recent exceedance history,Prior bacteria level,decreasing risk,8.0,0,0.0,21,0.0,0.515,12.0,False,The most recent sample was excellent at 8 MPN/100mL.
Fitzgerald Marine (Moss Beach),"Fitzgerald Marine (Moss Beach)-Fitzgerald Marine (Moss Beach), San Mateo",37.5242,-122.5177731,2026-05-13,0.3307,Safe,10,10 MPN/100mL,10,10 MPN/100mL,Recent bacteria level,Recent exceedance history,Prior bacteria level,increasing risk,644.0,1,0.0,9,0.0,1.176,19.1,False,The most recent sample exceeded the safety standard at 644 MPN/100mL.
Francis State Beach,"Francis State Beach-Francis State Beach, San Mateo",37.4672,-122.447,2026-05-13,0.2872,Safe,10,10 MPN/100mL,14,14 MPN/100mL,Prior bacteria level,Recent bacteria level,Recent exceedance history,increasing risk,5.0,0,0.0,9,0.146128035678238,1.176,7.9,False,The most recent sample was excellent at 5 MPN/100mL.
GREEN BRIDGE_Lagunitas Creek,GREEN BRIDGE_Lagunitas Creek,38.0648,-122.8055,2026-05-13,0.4426,Safe,10,10 MPN/100mL,17,17 MPN/100mL,Recent exceedance history,Prior bacteria level,Recent bacteria level,increasing risk,31.0,0,1.0,7,0.0,0.974,7.0,False,The most recent sample was excellent at 31 MPN/100mL; one recent sample exceeded the standard though conditions have since improved.
Gazos Creek Access,"Gazos Creek Access-Gazos Creek Access, San Mateo",37.1653,-122.363,2026-05-13,0.5452,Unsafe,20,20 MPN/100mL,25,25 MPN/100mL,Recent exceedance history,Prior bacteria level,Recent bacteria level,increasing risk,31.0,0,2.0,9,0.0,1.176,5.2,False,The most recent sample was excellent at 31 MPN/100mL; 2 or more of the last 3 samples exceeded the standard.
"Gull Park, Foster City","Gull Park, Foster City",37.56658,-122.26061,2026-05-13,0.2899,Safe,10,10 MPN/100mL,15,15 MPN/100mL,Recent bacteria level,Recent exceedance history,Solar radiation today,increasing risk,50.0,0,0.0,9,0.0,1.176,22.5,False,The most recent sample was clean at 50 MPN/100mL.
IB-010,"IB-010-Border Field State Park, San Diego",32.5344,-117.124,2026-05-13,0.3717,Safe,10,10 MPN/100mL,14,14 MPN/100mL,Recent exceedance history,Recent bacteria level,Hours since high tide,increasing risk,16.0,0,1.0,15,0.0,0.581,29.2,False,The most recent sample was excellent at 16 MPN/100mL; one recent sample exceeded the standard though conditions have since improved.
IB-020,"IB-020-Border Field State Park, San Diego",32.5434,-117.125,2026-05-13,0.4414,Safe,10,10 MPN/100mL,17,17 MPN/100mL,Recent exceedance history,Recent bacteria level,Prior bacteria level,increasing risk,78.0,0,1.0,15,0.0,0.581,33.6,False,The most recent sample was clean at 78 MPN/100mL; one recent sample exceeded the standard though conditions have since improved.
IB-040,"IB-040-Tijuana Slough National Wildlife Refuge, San Diego",32.561,-117.132,2026-05-13,0.7942,Unsafe,78,78 MPN/100mL,71,71 MPN/100mL,Recent exceedance history,Recent bacteria level,Hours since high tide,increasing risk,1.0,0,2.0,15,0.0,0.581,25.4,False,The most recent sample was excellent at 1 MPN/100mL; 2 or more of the last 3 samples exceeded the standard.
Keller North Beach,"North Beach-Keller Beach (Contra Costa Co), East Bay Parks District",37.9211,-122.387,2026-05-13,0.3637,Safe,10,10 MPN/100mL,12,12 MPN/100mL,Recent exceedance history,Prior bacteria level,Recent bacteria level,increasing risk,290.0,1,1.0,23,0.0,1.176,7.2,False,The most recent sample exceeded the safety standard at 290 MPN/100mL; recent samples have been elevated.
Keller South Beach,"South Beach-Keller Beach (Contra Costa Co), East Bay Parks District",37.9207,-122.387,2026-05-13,0.4659,Safe,19,19 MPN/100mL,20,20 MPN/100mL,Recent bacteria level,Prior bacteria level,Recent exceedance history,increasing risk,550.0,1,0.0,23,0.0,1.176,8.3,False,The most recent sample exceeded the safety standard at 550 MPN/100mL.
Kiteboard Beach,"Kiteboard Beach-Kiteboard Beach, San Mateo",37.5717,-122.279,2026-05-13,0.1451,Safe,5,<10 MPN/100mL,9,<10 MPN/100mL,Recent bacteria level,Recent exceedance history,Prior bacteria level,decreasing risk,5.0,0,0.0,16,0.0,1.176,12.2,False,The most recent sample was excellent at 5 MPN/100mL.
LOP,"LOP-Lover's Point, Monterey",36.6254,-121.917,2026-05-13,0.2541,Safe,8,<10 MPN/100mL,11,11 MPN/100mL,precip,Hours since high tide,2-day cumulative rainfall,decreasing risk,5.0,0,0.0,111,0.0,0.812,8.4,True,No recent bacteria data — prediction based entirely on current environmental conditions.
Lakeshore Park Rec Center,"Lakeshore Park Rec Center-Lakeshore Park, San Mateo",37.5498,-122.286,2026-05-13,0.7072,Unsafe,52,52 MPN/100mL,31,31 MPN/100mL,Recent exceedance history,Recent bacteria level,Prior bacteria level,increasing risk,20.0,0,2.0,9,0.0,1.176,24.7,False,The most recent sample was excellent at 20 MPN/100mL; 2 or more of the last 3 samples exceeded the standard.
Linda Mar Beach #7,Linda Mar Beach #7,37.597587,-122.504712,2026-05-13,0.4869,Safe,20,20 MPN/100mL,18,18 MPN/100mL,Recent exceedance history,Recent bacteria level,Prior bacteria level,increasing risk,10.0,0,1.0,9,0.0,1.176,11.2,False,The most recent sample was excellent at 10 MPN/100mL; one recent sample exceeded the standard though conditions have since improved.
MB-015,"MB-015-Mission Bay, San Diego",32.777,-117.218,2026-05-13,0.5918,Unsafe,20,20 MPN/100mL,42,42 MPN/100mL,Hours since high tide,Solar radiation 1 days ago,tide_max,decreasing risk,432.0,1,0.0,195,0.255272505103306,0.581,49.7,True,No recent bacteria data — prediction based entirely on current environmental conditions.
MB-053,"MB-053-Mission Bay, Leisure Lagoon, San Diego",32.785,-117.21,2026-05-13,0.4003,Safe,10,10 MPN/100mL,16,16 MPN/100mL,Hours since high tide,Rain and high tide combination,precip,decreasing risk,264.0,1,0.0,195,0.255272505103306,0.581,24.3,True,No recent bacteria data — prediction based entirely on current environmental conditions.
MB-203,"MB-203-Mission Bay, Vacation Isle, San Diego",32.7759,-117.233,2026-05-13,0.2594,Safe,9,<10 MPN/100mL,14,14 MPN/100mL,Hours since high tide,Rain and high tide combination,Solar radiation 1 days ago,decreasing risk,700.0,1,0.0,559,0.255272505103306,0.581,10.4,True,No recent bacteria data — prediction based entirely on current environmental conditions.
MDCU,"MDCU-Crystal Cove State Park, Orange",33.5605,-117.822,2026-05-13,0.1933,Safe,5,<10 MPN/100mL,5,<10 MPN/100mL,Hours since high tide,2-day cumulative rainfall,precip,decreasing risk,2.0,0,0.0,70,0.0,0.533,4.0,True,No recent bacteria data — prediction based entirely on current environmental conditions.
MDP18,"MDP18-Dana Point Harbor, Orange",33.4603,-117.696,2026-05-13,0.268,Safe,9,<10 MPN/100mL,11,11 MPN/100mL,Hours since high tide,2-day cumulative rainfall,precip,decreasing risk,20.0,0,0.0,51,0.0,0.533,5.9,True,No recent bacteria data — prediction based entirely on current environmental conditions.
MDRH-1,MDRH-1,33.979889,-118.4577173,2026-05-13,0.1989,Safe,5,<10 MPN/100mL,9,<10 MPN/100mL,Recent exceedance history,Prior bacteria level,Hours since high tide,decreasing risk,41.0,0,0.0,4,0.0,0.563,28.6,False,The most recent sample was clean at 41 MPN/100mL.
MDRH-2,MDRH-2,33.98084,-118.45802,2026-05-13,0.6532,Unsafe,40,40 MPN/100mL,33,33 MPN/100mL,Recent bacteria level,Prior bacteria level,Recent exceedance history,increasing risk,74.0,0,1.0,4,0.0,0.563,28.0,False,The most recent sample was clean at 74 MPN/100mL; one recent sample exceeded the standard though conditions have since improved.
MDRH-3,MDRH-3,33.9819795,-118.4569488,2026-05-13,0.4727,Safe,19,19 MPN/100mL,16,16 MPN/100mL,Recent exceedance history,Prior bacteria level,Recent bacteria level,increasing risk,41.0,0,1.0,9,0.0,0.563,35.7,False,The most recent sample was clean at 41 MPN/100mL; one recent sample exceeded the standard though conditions have since improved.
MHH14,"MHH14-Huntington Harbour, Orange",33.7253,-118.077,2026-05-13,0.1896,Safe,5,<10 MPN/100mL,9,<10 MPN/100mL,Hours since high tide,2-day cumulative rainfall,precip,decreasing risk,10.0,0,0.0,49,0.0,0.576,7.5,True,No recent bacteria data — prediction based entirely on current environmental conditions.
Marlin Park,Marlin Park,37.5992,-122.25438,2026-05-13,0.6266,Unsafe,37,37 MPN/100mL,32,32 MPN/100mL,Recent exceedance history,Recent bacteria level,Prior bacteria level,increasing risk,20.0,0,2.0,9,0.0,1.176,27.7,False,The most recent sample was excellent at 20 MPN/100mL; 2 or more of the last 3 samples exceeded the standard.
McNEARS BEACH,"McNEARS BEACH-McNears Beach, Marin",37.9926,-122.453,2026-05-13,0.3302,Safe,10,10 MPN/100mL,13,13 MPN/100mL,Recent exceedance history,Recent bacteria level,Prior bacteria level,increasing risk,5.0,0,1.0,8,0.0,1.176,6.7,False,The most recent sample was excellent at 5 MPN/100mL; one recent sample exceeded the standard though conditions have since improved.
O235,"O235-Capitola City Beach, Santa Cruz",36.9718,-121.95,2026-05-13,0.5341,Unsafe,20,20 MPN/100mL,23,23 MPN/100mL,Recent bacteria level,Prior bacteria level,Recent exceedance history,increasing risk,74.0,0,1.0,9,0.0,0.812,10.0,False,The most recent sample was clean at 74 MPN/100mL; one recent sample exceeded the standard though conditions have since improved.
O240,"O240-Capitola City Beach, Santa Cruz",36.9714,-121.951,2026-05-13,0.5421,Unsafe,20,20 MPN/100mL,21,21 MPN/100mL,Recent bacteria level,Prior bacteria level,Recent exceedance history,increasing risk,41.0,0,1.0,9,0.0,0.812,22.2,False,The most recent sample was clean at 41 MPN/100mL; one recent sample exceeded the standard though conditions have since improved.
O410,"O410-Twin Lakes State Beach, Santa Cruz",36.9616,-121.998,2026-05-13,0.2223,Safe,5,<10 MPN/100mL,11,11 MPN/100mL,Recent exceedance history,Prior bacteria level,Solar radiation today,decreasing risk,10.0,0,0.0,9,0.0,0.812,6.5,False,The most recent sample was excellent at 10 MPN/100mL.
O440,"O440-Seabright Beach, Santa Cruz",36.9629,-122.009,2026-05-13,0.1161,Safe,5,<10 MPN/100mL,4,<10 MPN/100mL,Recent bacteria level,Recent exceedance history,Prior bacteria level,decreasing risk,20.0,0,0.0,9,0.0,0.812,6.5,False,The most recent sample was excellent at 20 MPN/100mL.
O450,"O450-Main Beach, Santa Cruz",36.9633,-122.013,2026-05-13,0.2181,Safe,5,<10 MPN/100mL,13,13 MPN/100mL,Prior bacteria level,Recent exceedance history,Solar radiation today,increasing risk,86.0,0,0.0,9,0.0,0.812,11.6,False,The most recent sample was clean at 86 MPN/100mL.
O460,"O460-Main Beach, Santa Cruz",36.9628,-122.02,2026-05-13,0.3177,Safe,10,10 MPN/100mL,15,15 MPN/100mL,Recent exceedance history,Prior bacteria level,Recent bacteria level,increasing risk,20.0,0,1.0,9,0.0,0.812,9.3,False,The most recent sample was excellent at 20 MPN/100mL; one recent sample exceeded the standard though conditions have since improved.
O478,O478,36.962081,-122.022131,2026-05-13,0.3052,Safe,10,10 MPN/100mL,16,16 MPN/100mL,Solar radiation today,Hours since high tide,precip,decreasing risk,15.0,0,0.0,356,0.0,0.812,16.2,True,No recent bacteria data — prediction based entirely on current environmental conditions.
O488,O488,36.96195,-122.02317,2026-05-13,0.2181,Safe,5,<10 MPN/100mL,13,13 MPN/100mL,Prior bacteria level,Recent exceedance history,Solar radiation today,increasing risk,52.0,0,0.0,9,0.0,0.812,18.0,False,The most recent sample was clean at 52 MPN/100mL.
O490,"O490-Cowell Beach, Santa Cruz",36.9618,-122.023,2026-05-13,0.172,Safe,5,<10 MPN/100mL,11,11 MPN/100mL,Recent exceedance history,Solar radiation today,Hours since high tide,decreasing risk,52.0,0,0.0,9,0.0,0.812,12.1,False,The most recent sample was clean at 52 MPN/100mL.
O494,"O494-Cowell Beach, Santa Cruz",36.9577,-122.026,2026-05-13,0.172,Safe,5,<10 MPN/100mL,11,11 MPN/100mL,Recent exceedance history,Solar radiation today,Hours since high tide,decreasing risk,10.0,0,0.0,9,0.0,0.812,6.2,False,The most recent sample was excellent at 10 MPN/100mL.
O520,"O520-Mitchell's Cove Beach, Santa Cruz",36.9526,-122.041,2026-05-13,0.1258,Safe,5,<10 MPN/100mL,7,<10 MPN/100mL,Recent bacteria level,Recent exceedance history,Solar radiation today,decreasing risk,5.0,0,0.0,9,0.0,0.812,14.9,False,The most recent sample was excellent at 5 MPN/100mL.
O530,"O530-Natural Bridges State Beach, Santa Cruz",36.9499,-122.058,2026-05-13,0.1307,Safe,5,<10 MPN/100mL,7,<10 MPN/100mL,Recent bacteria level,Recent exceedance history,Solar radiation today,decreasing risk,1.0,0,0.0,9,0.0,0.812,5.2,False,The most recent sample was excellent at 1 MPN/100mL.
OC-022,"OC-022-Buccaneer Beach, San Diego",33.1767,-117.369,2026-05-13,0.2791,Safe,10,10 MPN/100mL,14,14 MPN/100mL,Hours since high tide,Solar radiation 1 days ago,2-day cumulative rainfall,decreasing risk,337.0,1,0.0,198,0.0,0.515,19.4,True,No recent bacteria data — prediction based entirely on current environmental conditions.
OC-090,"OC-090-Oceanside Pier area, San Diego",33.1966,-117.387,2026-05-13,0.2743,Safe,9,<10 MPN/100mL,14,14 MPN/100mL,Hours since high tide,Solar radiation 1 days ago,2-day cumulative rainfall,decreasing risk,1123.0,1,0.0,746,0.0,0.515,32.9,True,No recent bacteria data — prediction based entirely on current environmental conditions.
OC-100,"OC-100-Harbor Beach, San Diego",33.2025,-117.392,2026-05-13,0.1484,Safe,5,<10 MPN/100mL,8,<10 MPN/100mL,Recent bacteria level,Recent exceedance history,Prior bacteria level,decreasing risk,6.0,0,0.0,13,0.0,0.515,14.8,False,The most recent sample was excellent at 6 MPN/100mL.
OC-110,"OC-110-Harbor Beach, San Diego",33.2044,-117.394,2026-05-13,0.5629,Unsafe,20,20 MPN/100mL,36,36 MPN/100mL,Hours since high tide,Solar radiation 1 days ago,precip,decreasing risk,277.0,1,0.0,142,0.0,0.515,40.2,True,No recent bacteria data — prediction based entirely on current environmental conditions.
OCEAN#15_SL,"OCEAN#15_SL-Baker Beach, San Francisco",37.7917,-122.485,2026-05-13,0.3223,Safe,10,10 MPN/100mL,12,12 MPN/100mL,Solar radiation today,precip,MWD_mean,decreasing risk,5.0,0,0.0,198,0.0,1.176,15.4,True,No recent bacteria data — prediction based entirely on current environmental conditions.
OCEAN#18_SL,"OCEAN#18_SL-Ocean Beach, San Francisco",37.775,-122.513,2026-05-13,0.1586,Safe,5,<10 MPN/100mL,8,<10 MPN/100mL,Solar radiation today,precip,2-day cumulative rainfall,decreasing risk,5.0,0,0.0,198,0.0,1.176,4.8,True,No recent bacteria data — prediction based entirely on current environmental conditions.
OCEAN#19_SL,"OCEAN#19_SL-Ocean Beach, San Francisco",37.764,-122.512,2026-05-13,0.1586,Safe,5,<10 MPN/100mL,8,<10 MPN/100mL,Solar radiation today,precip,2-day cumulative rainfall,decreasing risk,5.0,0,0.0,198,0.0,1.176,8.3,True,No recent bacteria data — prediction based entirely on current environmental conditions.
OCEAN#21.1_SL,"OCEAN#21.1_SL-Ocean Beach, San Francisco",37.7347,-122.508,2026-05-13,0.1912,Safe,5,<10 MPN/100mL,9,<10 MPN/100mL,Solar radiation today,precip,2-day cumulative rainfall,decreasing risk,5.0,0,0.0,198,0.0,1.176,6.2,True,No recent bacteria data — prediction based entirely on current environmental conditions.
OLDE12,"OLDE12-Olde Port Beach, San Luis Obispo",35.1777,-120.749,2026-05-13,0.1697,Safe,5,<10 MPN/100mL,10,10 MPN/100mL,Recent bacteria level,Recent exceedance history,Solar radiation today,decreasing risk,53.0,0,0.0,9,0.146128035678238,0.727,12.0,False,The most recent sample was clean at 53 MPN/100mL.
OSB02,"OSB02-Seal Beach Surfside, Orange",33.7408,-118.114,2026-05-13,0.367,Safe,10,10 MPN/100mL,15,15 MPN/100mL,Hours since high tide,precip,2-day cumulative rainfall,decreasing risk,30.0,0,0.0,49,0.0,0.576,15.3,True,No recent bacteria data — prediction based entirely on current environmental conditions.
OSB03,"OSB03-Seal Beach Surfside, Orange",33.739,-118.114,2026-05-13,0.3109,Safe,10,10 MPN/100mL,12,12 MPN/100mL,Hours since high tide,2-day cumulative rainfall,precip,decreasing risk,4.0,0,0.0,50,0.0,0.576,8.4,True,No recent bacteria data — prediction based entirely on current environmental conditions.
OSB04,"OSB04-Seal Beach Surfside, Orange",33.7372,-118.102,2026-05-13,0.2217,Safe,5,<10 MPN/100mL,9,<10 MPN/100mL,Hours since high tide,2-day cumulative rainfall,precip,decreasing risk,12.0,0,0.0,57,0.0,0.576,4.3,True,No recent bacteria data — prediction based entirely on current environmental conditions.
OSB05,"OSB05-Seal Beach Surfside, Orange",33.7378,-118.106,2026-05-13,0.299,Safe,10,10 MPN/100mL,12,12 MPN/100mL,Hours since high tide,2-day cumulative rainfall,precip,decreasing risk,84.0,0,0.0,50,0.0,0.576,6.6,True,No recent bacteria data — prediction based entirely on current environmental conditions.
Oyster Point Marina,"Oyster Point Marina-Oyster Point Marina, San Mateo",37.6639,-122.383,2026-05-13,0.1427,Safe,5,<10 MPN/100mL,8,<10 MPN/100mL,Recent bacteria level,Recent exceedance history,Prior bacteria level,decreasing risk,10.0,0,0.0,9,0.0,1.176,13.4,False,The most recent sample was excellent at 10 MPN/100mL.
PB5,"PB5-Pismo State Beach, San Luis Obispo",35.141,-120.646,2026-05-13,0.1371,Safe,5,<10 MPN/100mL,8,<10 MPN/100mL,Recent bacteria level,Recent exceedance history,Solar radiation today,decreasing risk,10.0,0,0.0,9,0.0,0.727,4.8,False,The most recent sample was excellent at 10 MPN/100mL.
PICOZ,Pico Point Zero,33.43144746,-117.6329025,2026-05-13,0.1593,Safe,5,<10 MPN/100mL,10,10 MPN/100mL,Hours since high tide,2-day cumulative rainfall,precip,decreasing risk,2.0,0,0.0,64,0.0,0.533,9.0,True,No recent bacteria data — prediction based entirely on current environmental conditions.
PIERZ,SC Pier Point Zero,33.4194316399999,-117.6204654,2026-05-13,0.2803,Safe,10,10 MPN/100mL,14,14 MPN/100mL,Hours since high tide,2-day cumulative rainfall,precip,decreasing risk,2.0,0,0.0,41,0.0,0.533,16.3,True,No recent bacteria data — prediction based entirely on current environmental conditions.
PL-110,"PL-110-Ocean Beach, San Diego",32.754,-117.253,2026-05-13,0.3905,Safe,10,10 MPN/100mL,16,16 MPN/100mL,Recent bacteria level,Recent exceedance history,Prior bacteria level,increasing risk,6.0,0,0.0,14,0.0,0.581,5.5,False,The most recent sample was excellent at 6 MPN/100mL.
POCHED,Poche Beach. 75 ft Downcoast from Point Zero,33.440499,-117.6454,2026-05-13,0.1567,Safe,5,<10 MPN/100mL,9,<10 MPN/100mL,Hours since high tide,2-day cumulative rainfall,precip,decreasing risk,44.0,0,0.0,41,0.0,0.533,5.9,True,No recent bacteria data — prediction based entirely on current environmental conditions.
POCHEZ,Poche Beach Point Zero,33.4406359299999,-117.6455844,2026-05-13,0.4543,Safe,10,10 MPN/100mL,22,22 MPN/100mL,Hours since high tide,precip,2-day cumulative rainfall,decreasing risk,400.0,1,0.0,48,0.0,0.533,33.7,True,No recent bacteria data — prediction based entirely on current environmental conditions.
Pillar Point #5,"Pillar Point #5-Pillar Point Harbor, San Mateo",37.5037,-122.4857,2026-05-13,0.5643,Unsafe,20,20 MPN/100mL,19,19 MPN/100mL,Recent exceedance history,Recent bacteria level,Prior bacteria level,increasing risk,73.0,0,2.0,9,0.0,1.176,35.6,False,The most recent sample was clean at 73 MPN/100mL; 2 or more of the last 3 samples exceeded the standard.
Pillar Point #7,"Pillar Point #7-Pillar Point Harbor, San Mateo",37.5021,-122.493,2026-05-13,0.5011,Unsafe,20,20 MPN/100mL,18,18 MPN/100mL,Prior bacteria level,Recent exceedance history,Solar radiation 1 days ago,increasing risk,20.0,0,1.0,9,0.0,1.176,25.3,False,The most recent sample was excellent at 20 MPN/100mL; one recent sample exceeded the standard though conditions have since improved.
Pillar Point #8,"Pillar point #8-Pillar Point Harbor, San Mateo",37.5003,-122.496,2026-05-13,0.2962,Safe,10,10 MPN/100mL,11,11 MPN/100mL,Prior bacteria level,Recent bacteria level,Recent exceedance history,increasing risk,10.0,0,0.0,9,0.0,1.176,15.1,False,The most recent sample was excellent at 10 MPN/100mL.
Pillar Point #9,"Pillar Point #9-Pillar Point Harbor, San Mateo",37.5023,-122.4764,2026-05-13,0.5727,Unsafe,20,20 MPN/100mL,22,22 MPN/100mL,Recent exceedance history,Recent bacteria level,Prior bacteria level,increasing risk,144.0,1,2.0,9,0.0,1.176,36.9,False,The most recent sample exceeded the safety standard at 144 MPN/100mL; 2 or more of the last 3 samples exceeded the standard.
Rockaway Beach,"Rockaway Beach-Rockaway Beach, San Mateo",37.6081,-122.498,2026-05-13,0.4331,Safe,10,10 MPN/100mL,22,22 MPN/100mL,Recent bacteria level,Recent exceedance history,Solar radiation 1 days ago,increasing risk,10.0,0,0.0,9,0.0,1.176,5.0,False,The most recent sample was excellent at 10 MPN/100mL.
Roosevelt State Beach,"Roosevelt State Beach-Roosevelt State Beach, San Mateo",37.4884,-122.456,2026-05-13,0.2605,Safe,9,<10 MPN/100mL,13,13 MPN/100mL,Recent bacteria level,Recent exceedance history,Prior bacteria level,decreasing risk,5.0,0,0.0,9,0.0,1.176,11.5,False,The most recent sample was excellent at 5 MPN/100mL.
S-0,"S-0-Doheny State Beach, Orange",33.4616,-117.683,2026-05-13,0.2979,Safe,10,10 MPN/100mL,13,13 MPN/100mL,Hours since high tide,2-day cumulative rainfall,precip,decreasing risk,1.0,0,0.0,44,0.0,0.533,18.3,True,No recent bacteria data — prediction based entirely on current environmental conditions.
S-1,"S-1-Doheny State Beach, Orange",33.4607,-117.697,2026-05-13,0.29,Safe,10,10 MPN/100mL,13,13 MPN/100mL,Hours since high tide,2-day cumulative rainfall,precip,decreasing risk,10.0,0,0.0,44,0.0,0.533,13.8,True,No recent bacteria data — prediction based entirely on current environmental conditions.
S-2,"S-2-Doheny State Beach, Orange",33.4617,-117.686,2026-05-13,0.2979,Safe,10,10 MPN/100mL,13,13 MPN/100mL,Hours since high tide,2-day cumulative rainfall,precip,decreasing risk,8.0,0,0.0,44,0.0,0.533,18.7,True,No recent bacteria data — prediction based entirely on current environmental conditions.
S-3,"S-3-Doheny State Beach, Orange",33.4594,-117.676,2026-05-13,0.2979,Safe,10,10 MPN/100mL,13,13 MPN/100mL,Hours since high tide,2-day cumulative rainfall,precip,decreasing risk,58.0,0,0.0,44,0.0,0.533,15.8,True,No recent bacteria data — prediction based entirely on current environmental conditions.
S8,"S8-Aliso County Beach, Orange",33.505,-117.748,2026-05-13,0.1545,Safe,5,<10 MPN/100mL,5,<10 MPN/100mL,Hours since high tide,2-day cumulative rainfall,precip,decreasing risk,10.0,0,0.0,44,0.0,0.533,3.8,True,No recent bacteria data — prediction based entirely on current environmental conditions.
S9,"S9-Aliso County Beach, Orange",33.5069,-117.752,2026-05-13,0.1534,Safe,5,<10 MPN/100mL,10,10 MPN/100mL,Hours since high tide,2-day cumulative rainfall,precip,decreasing risk,4.0,0,0.0,44,0.0,0.533,8.8,True,No recent bacteria data — prediction based entirely on current environmental conditions.
SCM1Z,Salt Creek Mouth Point Zero,33.4812934799999,-117.725157499999,2026-05-13,0.4403,Safe,10,10 MPN/100mL,20,20 MPN/100mL,Hours since high tide,2-day cumulative rainfall,precip,decreasing risk,440.0,1,0.0,48,0.0,0.533,29.1,True,No recent bacteria data — prediction based entirely on current environmental conditions.
SE-060,"SE-060-Cardiff State Beach, San Diego",33.0184,-117.284,2026-05-13,0.1917,Safe,5,<10 MPN/100mL,12,12 MPN/100mL,Hours since high tide,Solar radiation 1 days ago,2-day cumulative rainfall,decreasing risk,332.0,1,0.0,134,0.0,0.515,12.5,True,No recent bacteria data — prediction based entirely on current environmental conditions.
SJC1D,San Juan Creek. 75 ft Downcoast from Point Zero,33.4613939999999,-117.683999,2026-05-13,0.5831,Unsafe,30,30 MPN/100mL,30,30 MPN/100mL,Hours since high tide,2-day cumulative rainfall,Yesterday rainfall,decreasing risk,10.0,0,0.0,44,0.0,0.533,42.6,True,No recent bacteria data — prediction based entirely on current environmental conditions.
SJC1U,San Juan Creek 75 ft upcoast from point zero,33.461424,-117.68449,2026-05-13,0.5291,Unsafe,20,20 MPN/100mL,24,24 MPN/100mL,Hours since high tide,2-day cumulative rainfall,Yesterday rainfall,decreasing risk,100.0,0,0.0,44,0.0,0.533,31.7,True,No recent bacteria data — prediction based entirely on current environmental conditions.
SJC1Z,San Juan Creek Point Zero,33.46140913,-117.6842446,2026-05-13,0.2979,Safe,10,10 MPN/100mL,13,13 MPN/100mL,Hours since high tide,2-day cumulative rainfall,precip,decreasing risk,320.0,1,0.0,44,0.0,0.533,24.6,True,No recent bacteria data — prediction based entirely on current environmental conditions.
SMB-1-10,SMB-1-10,34.0329,-118.741,2026-05-13,0.4226,Safe,10,10 MPN/100mL,22,22 MPN/100mL,Prior bacteria level,Recent bacteria level,Recent exceedance history,increasing risk,20.0,0,0.0,8,0.0,0.563,14.2,False,The most recent sample was excellent at 20 MPN/100mL.
SMB-1-12,SMB-1-12,34.0306,-118.7111,2026-05-13,0.3081,Safe,10,10 MPN/100mL,14,14 MPN/100mL,Prior bacteria level,Recent bacteria level,Recent exceedance history,increasing risk,30.0,0,0.0,8,0.0,0.563,27.1,False,The most recent sample was excellent at 30 MPN/100mL.
SMB-1-13,SMB-1-13,34.0383,-118.6731,2026-05-13,0.5792,Unsafe,30,30 MPN/100mL,21,21 MPN/100mL,Recent exceedance history,Prior bacteria level,Recent bacteria level,increasing risk,5.0,0,1.0,8,0.255272505103306,0.563,11.2,False,The most recent sample was excellent at 5 MPN/100mL; one recent sample exceeded the standard though conditions have since improved.
SMB-1-14,SMB-1-14,34.0362,-118.6364,2026-05-13,0.3034,Safe,10,10 MPN/100mL,16,16 MPN/100mL,Solar radiation 1 days ago,Rain and high tide combination,Hours since high tide,increasing risk,110.0,1,0.0,43,0.255272505103306,0.563,9.0,True,No recent bacteria data — prediction based entirely on current environmental conditions.
SMB-1-16,SMB-1-16,34.0253392,-118.5977,2026-05-13,0.1512,Safe,5,<10 MPN/100mL,8,<10 MPN/100mL,Recent bacteria level,Recent exceedance history,Prior bacteria level,decreasing risk,5.0,0,0.0,8,0.0,0.563,6.2,False,The most recent sample was excellent at 5 MPN/100mL.
SMB-1-18,SMB-1-18,34.0385,-118.58196,2026-05-13,0.6347,Unsafe,37,37 MPN/100mL,41,41 MPN/100mL,Recent bacteria level,Recent exceedance history,Days since last sample,increasing risk,130.0,1,1.0,4,0.0,0.563,21.2,False,The most recent sample exceeded the safety standard at 130 MPN/100mL; recent samples have been elevated.
SMB-1-6,SMB-1-6,34.0171,-118.7897,2026-05-13,0.2022,Safe,5,<10 MPN/100mL,11,11 MPN/100mL,Recent bacteria level,Recent exceedance history,Hours since high tide,decreasing risk,5.0,0,0.0,8,0.0,0.563,11.3,False,The most recent sample was excellent at 5 MPN/100mL.
SMB-1-8,SMB-1-8,34.0253,-118.7656,2026-05-13,0.616,Unsafe,31,31 MPN/100mL,34,34 MPN/100mL,Prior bacteria level,Recent exceedance history,Hours since high tide,increasing risk,31.0,0,1.0,8,0.0,0.563,20.9,False,The most recent sample was excellent at 31 MPN/100mL; one recent sample exceeded the standard though conditions have since improved.
SMB-2-1,SMB-2-1,34.02530412,-118.566,2026-05-13,0.8632,Unsafe,170,170 MPN/100mL (1.6x the safety standard),142,142 MPN/100mL (1.4x the safety standard),Recent exceedance history,Recent bacteria level,Prior bacteria level,increasing risk,5.0,0,3.0,8,0.0,0.563,22.9,False,The most recent sample was excellent at 5 MPN/100mL; 2 or more of the last 3 samples exceeded the standard.
SMB-2-10,SMB-2-10,33.95702,-118.45196,2026-05-13,0.3138,Safe,10,10 MPN/100mL,15,15 MPN/100mL,Prior bacteria level,Recent exceedance history,Hours since high tide,increasing risk,20.0,0,0.0,8,0.0,0.563,7.5,False,The most recent sample was excellent at 20 MPN/100mL.
SMB-2-11,SMB-2-11,33.9444,-118.4442,2026-05-13,0.2882,Safe,10,10 MPN/100mL,13,13 MPN/100mL,Recent exceedance history,Recent bacteria level,Hours since high tide,decreasing risk,10.0,0,0.0,8,0.0,0.563,6.9,False,The most recent sample was excellent at 10 MPN/100mL.
SMB-2-13,SMB-2-13,33.93071,-118.43711,2026-05-13,0.2946,Safe,10,10 MPN/100mL,12,12 MPN/100mL,Prior bacteria level,Recent bacteria level,Recent exceedance history,increasing risk,5.0,0,0.0,8,0.0,0.563,7.1,False,The most recent sample was excellent at 5 MPN/100mL.
SMB-2-4,SMB-2-4,34.03744,-118.54191,2026-05-13,0.251,Safe,8,<10 MPN/100mL,12,12 MPN/100mL,Recent bacteria level,Recent exceedance history,Prior bacteria level,increasing risk,86.0,0,0.0,4,0.0,0.563,6.9,False,The most recent sample was clean at 86 MPN/100mL.
SMB-2-7,SMB-2-7,34.02645,-118.51955,2026-05-13,0.187,Safe,5,<10 MPN/100mL,9,<10 MPN/100mL,Recent bacteria level,Recent exceedance history,Hours since high tide,decreasing risk,5.0,0,0.0,4,0.0,0.563,16.4,False,The most recent sample was excellent at 5 MPN/100mL.
SMB-3-3,Santa Monica Pier,34.0082,-118.4976,2026-05-13,0.5388,Unsafe,20,20 MPN/100mL,24,24 MPN/100mL,Recent bacteria level,Recent exceedance history,Hours since high tide,increasing risk,10.0,0,1.0,4,0.0,0.563,23.2,False,The most recent sample was excellent at 10 MPN/100mL; one recent sample exceeded the standard though conditions have since improved.
SMB-3-4,Pico Kenter Outfall,34.005094,-118.493752,2026-05-13,0.3008,Safe,10,10 MPN/100mL,12,12 MPN/100mL,Prior bacteria level,Recent bacteria level,Recent exceedance history,increasing risk,20.0,0,0.0,4,0.0,0.563,17.4,False,The most recent sample was excellent at 20 MPN/100mL.
SMB-3-5,SMB-3-5,33.99662,-118.48488,2026-05-13,0.2379,Safe,8,<10 MPN/100mL,10,10 MPN/100mL,Recent bacteria level,Recent exceedance history,Prior bacteria level,decreasing risk,5.0,0,0.0,4,0.0,0.563,7.2,False,The most recent sample was excellent at 5 MPN/100mL.
SMB-3-6,SMB-3-6,33.9935842,-118.4824055,2026-05-13,0.1581,Safe,5,<10 MPN/100mL,8,<10 MPN/100mL,Recent bacteria level,Recent exceedance history,Prior bacteria level,decreasing risk,5.0,0,0.0,8,0.0,0.563,6.3,False,The most recent sample was excellent at 5 MPN/100mL.
SMB-3-8,SMB-3-8,33.98625,-118.47635,2026-05-13,0.1928,Safe,5,<10 MPN/100mL,9,<10 MPN/100mL,Recent bacteria level,Recent exceedance history,Hours since high tide,decreasing risk,10.0,0,0.0,8,0.0,0.563,9.1,False,The most recent sample was excellent at 10 MPN/100mL.
SMB-MC-2,SMB-MC-2,34.0351,-118.67853,2026-05-13,0.1699,Safe,5,<10 MPN/100mL,10,10 MPN/100mL,Recent bacteria level,Recent exceedance history,Prior bacteria level,decreasing risk,31.0,0,0.0,4,0.0,0.563,19.9,False,The most recent sample was excellent at 31 MPN/100mL.
San Gregorio State Beach,"San Gregorio State Beach-San Gregorio State Beach, San Mateo",37.3224,-122.404,2026-05-13,0.4362,Safe,10,10 MPN/100mL,20,20 MPN/100mL,Recent exceedance history,Recent bacteria level,Prior bacteria level,increasing risk,213.0,1,1.0,9,0.0,1.176,5.5,False,The most recent sample exceeded the safety standard at 213 MPN/100mL; recent samples have been elevated.
Surfers Beach,"Surfers Beach-Surfers Beach, San Mateo",37.499732,-122.468894,2026-05-13,0.1864,Safe,5,<10 MPN/100mL,9,<10 MPN/100mL,Recent bacteria level,Recent exceedance history,Prior bacteria level,decreasing risk,5.0,0,0.0,9,0.0,1.176,8.4,False,The most recent sample was excellent at 5 MPN/100mL.
WP0000023,"WP0000023-Butterfly Beach, Santa Barbara",34.4173,-119.648,2026-05-13,0.2001,Safe,5,<10 MPN/100mL,10,10 MPN/100mL,Recent bacteria level,Recent exceedance history,Hours since high tide,decreasing risk,10.0,0,0.0,9,0.0,0.65,6.3,False,The most recent sample was excellent at 10 MPN/100mL.
WP0000037,"WP0000037-Goleta Beach, Santa Barbara",34.4248,-119.829,2026-05-13,0.1685,Safe,5,<10 MPN/100mL,9,<10 MPN/100mL,Recent bacteria level,Recent exceedance history,Prior bacteria level,decreasing risk,10.0,0,0.0,9,0.0,0.65,9.9,False,The most recent sample was excellent at 10 MPN/100mL.
WP0000072,"WP0000072-Hope Ranch Beach, Santa Barbara",34.4145,-119.78,2026-05-13,0.1592,Safe,5,<10 MPN/100mL,9,<10 MPN/100mL,Recent bacteria level,Recent exceedance history,Prior bacteria level,decreasing risk,5.0,0,0.0,9,0.0,0.65,8.8,False,The most recent sample was excellent at 5 MPN/100mL.
WP0000083,"WP0000083-East Beach, Santa Barbara",34.4164,-119.684,2026-05-13,0.2079,Safe,5,<10 MPN/100mL,12,12 MPN/100mL,Recent exceedance history,Prior bacteria level,Hours since high tide,decreasing risk,20.0,0,0.0,9,0.0,0.65,5.9,False,The most recent sample was excellent at 20 MPN/100mL.
WP0000085,"WP0000085-East Beach, Santa Barbara",34.4123,-119.685,2026-05-13,0.8847,Unsafe,201,201 MPN/100mL (1.9x the safety standard),179,179 MPN/100mL (1.7x the safety standard),Recent exceedance history,Recent bacteria level,Prior bacteria level,increasing risk,5.0,0,3.0,9,0.0,0.65,19.1,False,The most recent sample was excellent at 5 MPN/100mL; 2 or more of the last 3 samples exceeded the standard.
WP0000147,"WP0000147-Arroyo Burro, Santa Barbara",34.4023,-119.742,2026-05-13,0.1595,Safe,5,<10 MPN/100mL,9,<10 MPN/100mL,Recent bacteria level,Recent exceedance history,Prior bacteria level,decreasing risk,10.0,0,0.0,9,0.0,0.65,12.6,False,The most recent sample was excellent at 10 MPN/100mL.
WP0000180,"WP0000180-Carpinteria State, Santa Barbara",34.3899,-119.52,2026-05-13,0.1587,Safe,5,<10 MPN/100mL,9,<10 MPN/100mL,Recent bacteria level,Recent exceedance history,Prior bacteria level,decreasing risk,5.0,0,0.0,9,0.0,0.65,9.3,False,The most recent sample was excellent at 5 MPN/100mL.
Wharf-East,Santa Cruz Municipal Wharf-East at Cowell Beach,36.961995,-122.022464,2026-05-13,0.3304,Safe,10,10 MPN/100mL,17,17 MPN/100mL,Solar radiation today,Hours since high tide,precip,decreasing risk,22.0,0,0.0,926,0.0,0.812,15.2,True,No recent bacteria data — prediction based entirely on current environmental conditions.
Whitehouse Pool,Whitehouse Pool,38.063107,-122.817782,2026-05-13,0.3619,Safe,10,10 MPN/100mL,14,14 MPN/100mL,Recent exceedance history,Prior bacteria level,Recent bacteria level,increasing risk,20.0,0,1.0,7,0.0,0.974,28.7,False,The most recent sample was excellent at 20 MPN/100mL; one recent sample exceeded the standard though conditions have since improved.
